campaign_touch_id,milestone_score,predicted_milestone,campaign_priority
AMK-00020451,0.42116507037003864,0,Medium Priority
AMK-00027175,0.49189597679975,0,Medium Priority
AMK-00005932,0.4018404602471346,0,Medium Priority
AMK-00056953,0.32495234903083114,0,Medium Priority
AMK-00032383,0.8263211809882918,1,High Priority
AMK-00046154,0.36913816146162,0,Medium Priority
AMK-00051627,0.41543322978369585,0,Medium Priority
AMK-00013857,0.34366521068271927,0,Medium Priority
AMK-00000281,0.22900563171174132,0,Low Priority
AMK-00020872,0.6235744748611854,1,Medium Priority
AMK-00048906,0.2291623301941075,0,Low Priority
AMK-00041532,0.2119241117829974,0,Low Priority
AMK-00034638,0.6800202039757733,1,Medium Priority
AMK-00003625,0.5544388916561227,1,Medium Priority
AMK-00053849,0.4973413706407708,0,Medium Priority
AMK-00022861,0.40471404843129344,0,Medium Priority
AMK-00021037,0.6851307429954782,1,Medium Priority
AMK-00047725,0.356094971285765,0,Medium Priority
AMK-00018112,0.6191124480740021,1,Medium Priority
AMK-00062557,0.6318728364726052,1,Medium Priority
AMK-00005538,0.43548614278285236,0,Medium Priority
AMK-00008007,0.6232297452444071,1,Medium Priority
AMK-00014501,0.36415399559781403,0,Medium Priority
AMK-00007823,0.5438617180322752,1,Medium Priority
AMK-00012401,0.6577732950034977,1,Medium Priority
AMK-00027623,0.28760571654455747,0,Low Priority
AMK-00032888,0.44479943209569256,0,Medium Priority
AMK-00001825,0.5581374176553109,1,Medium Priority
AMK-00054057,0.533816229394226,1,Medium Priority
AMK-00006468,0.3761354155093565,0,Medium Priority
AMK-00036033,0.5818461231733043,1,Medium Priority
AMK-00033621,0.2736529678440639,0,Low Priority
AMK-00012463,0.37234527968091363,0,Medium Priority
AMK-00015551,0.3928099496720816,0,Medium Priority
AMK-00001423,0.3388975055792665,0,Medium Priority
AMK-00015075,0.6086994351103221,1,Medium Priority
AMK-00029822,0.2816215646141316,0,Low Priority
AMK-00060566,0.5691417690147662,1,Medium Priority
AMK-00046351,0.5220197271061129,1,Medium Priority
AMK-00012083,0.25999982005409195,0,Low Priority
AMK-00005266,0.185198389075993,0,Low Priority
AMK-00022509,0.49796445956210317,0,Medium Priority
AMK-00030390,0.7782208731273428,1,High Priority
AMK-00041351,0.2752125196183251,0,Low Priority
AMK-00051615,0.7834871010946967,1,High Priority
AMK-00050825,0.5623964604966598,1,Medium Priority
AMK-00040960,0.687254981231996,1,Medium Priority
AMK-00049170,0.34748933734777987,0,Medium Priority
AMK-00027449,0.5946302322333715,1,Medium Priority
AMK-00025811,0.731693540085449,1,High Priority
AMK-00027790,0.5877504448945915,1,Medium Priority
AMK-00050913,0.5880584946861496,1,Medium Priority
AMK-00000903,0.11191478386184839,0,Low Priority
AMK-00058787,0.6101390089089218,1,Medium Priority
AMK-00055323,0.20585113820406836,0,Low Priority
AMK-00014262,0.4118853237996862,0,Medium Priority
AMK-00032658,0.5629194217891187,1,Medium Priority
AMK-00017025,0.5523037702899762,1,Medium Priority
AMK-00058652,0.3280528802893353,0,Medium Priority
AMK-00054478,0.3221158906025059,0,Medium Priority
AMK-00051750,0.37428354033704725,0,Medium Priority
AMK-00021949,0.4055669063078311,0,Medium Priority
AMK-00004949,0.6108188033356128,1,Medium Priority
AMK-00018237,0.7235049048862614,1,High Priority
AMK-00050829,0.23289211093411447,0,Low Priority
AMK-00059194,0.6765245966660579,1,Medium Priority
AMK-00054875,0.6739486163057151,1,Medium Priority
AMK-00019926,0.686694108216195,1,Medium Priority
AMK-00031752,0.2300131725347722,0,Low Priority
AMK-00021750,0.44768738963979376,0,Medium Priority
AMK-00013472,0.5239323566151318,1,Medium Priority
AMK-00019989,0.5097679150895165,1,Medium Priority
AMK-00040251,0.5552470740026355,1,Medium Priority
AMK-00053816,0.7283591459042353,1,High Priority
AMK-00010309,0.7177656472150943,1,High Priority
AMK-00046412,0.2854182677625406,0,Low Priority
AMK-00053722,0.6227496183676539,1,Medium Priority
AMK-00041936,0.5972279124347737,1,Medium Priority
AMK-00058279,0.7116096328582338,1,High Priority
AMK-00033417,0.4098130516179855,0,Medium Priority
AMK-00038829,0.2179070577295914,0,Low Priority
AMK-00042233,0.2503557305689751,0,Low Priority
AMK-00016173,0.4065484941640704,0,Medium Priority
AMK-00015558,0.46983974795405536,0,Medium Priority
AMK-00037193,0.31806690900301804,0,Medium Priority
AMK-00004616,0.600561830170766,1,Medium Priority
AMK-00040772,0.48176178018946636,0,Medium Priority
AMK-00051964,0.30535122381057933,0,Medium Priority
AMK-00018950,0.6325384859616318,1,Medium Priority
AMK-00044032,0.7124753662148956,1,High Priority
AMK-00032604,0.6295254145014065,1,Medium Priority
AMK-00029550,0.41786112570294476,0,Medium Priority
AMK-00014296,0.2063148406974982,0,Low Priority
AMK-00015715,0.6027837577887496,1,Medium Priority
AMK-00016249,0.7971841607085453,1,High Priority
AMK-00059337,0.5583753605115958,1,Medium Priority
AMK-00034233,0.4010882002574805,0,Medium Priority
AMK-00041932,0.43312608076670894,0,Medium Priority
AMK-00059270,0.6039035529301623,1,Medium Priority
AMK-00015872,0.25466622407400896,0,Low Priority
AMK-00061676,0.2831944243111808,0,Low Priority
AMK-00037560,0.6507179400839215,1,Medium Priority
AMK-00042213,0.5767135477221023,1,Medium Priority
AMK-00014972,0.6040900358733968,1,Medium Priority
AMK-00008940,0.5724514273144578,1,Medium Priority
AMK-00014367,0.2777577241026637,0,Low Priority
AMK-00040467,0.5231663626312367,1,Medium Priority
AMK-00039743,0.37076718805743025,0,Medium Priority
AMK-00013846,0.6545835296744467,1,Medium Priority
AMK-00036442,0.5133530256295815,1,Medium Priority
AMK-00035149,0.276215064864252,0,Low Priority
AMK-00024633,0.49124627739865184,0,Medium Priority
AMK-00038104,0.40610393085166596,0,Medium Priority
AMK-00051364,0.5589201868372284,1,Medium Priority
AMK-00062001,0.4893870724580614,0,Medium Priority
AMK-00003778,0.7080541640624902,1,High Priority
AMK-00053907,0.5749929439659017,1,Medium Priority
AMK-00050404,0.13487047157420967,0,Low Priority
AMK-00063255,0.3926617365960357,0,Medium Priority
AMK-00015017,0.33092504066371276,0,Medium Priority
AMK-00047715,0.33661671451742864,0,Medium Priority
AMK-00021612,0.34289148133677977,0,Medium Priority
AMK-00054738,0.4912291364015709,0,Medium Priority
AMK-00047971,0.5062055484232729,1,Medium Priority
AMK-00061587,0.63199258796209,1,Medium Priority
AMK-00055540,0.6966671632278415,1,Medium Priority
AMK-00052243,0.6035033026295158,1,Medium Priority
AMK-00036888,0.6333397168109932,1,Medium Priority
AMK-00036529,0.33351711413032786,0,Medium Priority
AMK-00061745,0.3664153812829962,0,Medium Priority
AMK-00043313,0.5943967950428574,1,Medium Priority
AMK-00041576,0.25456285227224656,0,Low Priority
AMK-00040025,0.4123110333660695,0,Medium Priority
AMK-00001593,0.2813142793868875,0,Low Priority
AMK-00028056,0.4595777244784917,0,Medium Priority
AMK-00016090,0.4802554605602404,0,Medium Priority
AMK-00001401,0.39682537862715433,0,Medium Priority
AMK-00057528,0.36493395296057296,0,Medium Priority
AMK-00019861,0.4973600540621892,0,Medium Priority
AMK-00034874,0.6747253608287191,1,Medium Priority
AMK-00004096,0.7277055830218373,1,High Priority
AMK-00001737,0.5396460676096447,1,Medium Priority
AMK-00027255,0.43838919202939414,0,Medium Priority
AMK-00035544,0.3890102318135648,0,Medium Priority
AMK-00016318,0.5260166001809496,1,Medium Priority
AMK-00024858,0.23482143557751636,0,Low Priority
AMK-00009421,0.3100428202560972,0,Medium Priority
AMK-00038319,0.3265735066204533,0,Medium Priority
AMK-00044588,0.4979342885766385,0,Medium Priority
AMK-00025112,0.4126688900469104,0,Medium Priority
AMK-00043521,0.6528282846232341,1,Medium Priority
AMK-00027226,0.5407081713954942,1,Medium Priority
AMK-00030639,0.44619535831169105,0,Medium Priority
AMK-00051143,0.4897797412480624,0,Medium Priority
AMK-00012180,0.323781841455264,0,Medium Priority
AMK-00057575,0.4066338888922104,0,Medium Priority
AMK-00010460,0.24134082111626598,0,Low Priority
AMK-00000145,0.4412137940395801,0,Medium Priority
AMK-00052725,0.22517594665607404,0,Low Priority
AMK-00033498,0.3622397526885819,0,Medium Priority
AMK-00018882,0.3649733569601293,0,Medium Priority
AMK-00047680,0.32209615460976443,0,Medium Priority
AMK-00033660,0.4276105892292724,0,Medium Priority
AMK-00048067,0.4910531064891384,0,Medium Priority
AMK-00049973,0.42139884013648693,0,Medium Priority
AMK-00044657,0.23951556369318705,0,Low Priority
AMK-00058394,0.6624108032049149,1,Medium Priority
AMK-00016116,0.5455618271063303,1,Medium Priority
AMK-00051421,0.5026597494529397,1,Medium Priority
AMK-00009520,0.6641787090629474,1,Medium Priority
AMK-00009076,0.5718497531149039,1,Medium Priority
AMK-00030372,0.6246299529977563,1,Medium Priority
AMK-00040239,0.34603613438896247,0,Medium Priority
AMK-00052632,0.4597533800264623,0,Medium Priority
AMK-00029014,0.581685434856466,1,Medium Priority
AMK-00062054,0.2859325463642283,0,Low Priority
AMK-00055522,0.2889977061004891,0,Low Priority
AMK-00052371,0.7358866443399688,1,High Priority
AMK-00019293,0.38826597045187233,0,Medium Priority
AMK-00050850,0.46067601412982606,0,Medium Priority
AMK-00016470,0.8438401052171918,1,High Priority
AMK-00045046,0.7167954599133942,1,High Priority
AMK-00054691,0.6190760099269641,1,Medium Priority
AMK-00013368,0.32538298982506586,0,Medium Priority
AMK-00040848,0.7087764911087958,1,High Priority
AMK-00032965,0.590902208307644,1,Medium Priority
AMK-00026140,0.49965756851385623,0,Medium Priority
AMK-00060240,0.399227432940036,0,Medium Priority
AMK-00038822,0.4869179098660224,0,Medium Priority
AMK-00006466,0.5411493956525524,1,Medium Priority
AMK-00052111,0.538527785864334,1,Medium Priority
AMK-00052359,0.27787301041893786,0,Low Priority
AMK-00036706,0.8291116062374764,1,High Priority
AMK-00031204,0.4589228726492661,0,Medium Priority
AMK-00058966,0.4140797415268815,0,Medium Priority
AMK-00004197,0.44025119182222094,0,Medium Priority
AMK-00049137,0.24900571016552298,0,Low Priority
AMK-00039061,0.787563774140719,1,High Priority
AMK-00036224,0.4581123936991466,0,Medium Priority
AMK-00038772,0.42364161348518264,0,Medium Priority
AMK-00005103,0.18732260851895957,0,Low Priority
AMK-00016003,0.33266330332701904,0,Medium Priority
AMK-00020006,0.36310521204288326,0,Medium Priority
AMK-00026090,0.7011820509338732,1,High Priority
AMK-00014238,0.5225585424065134,1,Medium Priority
AMK-00041641,0.3590685511754556,0,Medium Priority
AMK-00002936,0.22973519587090246,0,Low Priority
AMK-00005195,0.49196743306634805,0,Medium Priority
AMK-00015160,0.6823791626866909,1,Medium Priority
AMK-00043378,0.49245034686849726,0,Medium Priority
AMK-00004520,0.3999121509626354,0,Medium Priority
AMK-00056256,0.3661124654038301,0,Medium Priority
AMK-00030164,0.4252788282839684,0,Medium Priority
AMK-00029365,0.6669970454663847,1,Medium Priority
AMK-00043573,0.41988632473361653,0,Medium Priority
AMK-00011066,0.58783163311885,1,Medium Priority
AMK-00044134,0.3525472920546895,0,Medium Priority
AMK-00062384,0.38187840043447396,0,Medium Priority
AMK-00000698,0.521923238270659,1,Medium Priority
AMK-00048392,0.7388645178286285,1,High Priority
AMK-00059940,0.19269187609453597,0,Low Priority
AMK-00023845,0.7751842275110563,1,High Priority
AMK-00004999,0.3302997710764776,0,Medium Priority
AMK-00033947,0.667479692966281,1,Medium Priority
AMK-00027292,0.3787508296004335,0,Medium Priority
AMK-00059446,0.7246865122279379,1,High Priority
AMK-00002785,0.5330493105058768,1,Medium Priority
AMK-00001058,0.4185985493121785,0,Medium Priority
AMK-00017412,0.359955479633505,0,Medium Priority
AMK-00043561,0.5190107008066146,1,Medium Priority
AMK-00052866,0.30121571317858226,0,Medium Priority
AMK-00020681,0.3252229049386887,0,Medium Priority
AMK-00063684,0.4213759574341597,0,Medium Priority
AMK-00052709,0.2950570790845487,0,Low Priority
AMK-00047201,0.23884798456453638,0,Low Priority
AMK-00011762,0.17446475924099275,0,Low Priority
AMK-00026801,0.44236851259312343,0,Medium Priority
AMK-00009235,0.42284531402586134,0,Medium Priority
AMK-00040619,0.5062119082644203,1,Medium Priority
AMK-00041009,0.5299867064862307,1,Medium Priority
AMK-00032997,0.31553432346701826,0,Medium Priority
AMK-00021624,0.5508672399250202,1,Medium Priority
AMK-00027064,0.2538768375131808,0,Low Priority
AMK-00036475,0.5169102623524878,1,Medium Priority
AMK-00061177,0.5180068438260427,1,Medium Priority
AMK-00018046,0.3906822134529476,0,Medium Priority
AMK-00040514,0.4071692325178544,0,Medium Priority
AMK-00046051,0.702298418343867,1,High Priority
AMK-00043717,0.8159334597393362,1,High Priority
AMK-00050056,0.310098281780686,0,Medium Priority
AMK-00017386,0.45798992739640226,0,Medium Priority
AMK-00009268,0.6487698240490418,1,Medium Priority
AMK-00003266,0.3833183472437889,0,Medium Priority
AMK-00011343,0.38649098763357764,0,Medium Priority
AMK-00000274,0.4265021545586751,0,Medium Priority
AMK-00061772,0.7623912339355983,1,High Priority
AMK-00051684,0.5090750087355896,1,Medium Priority
AMK-00025214,0.4421275633320531,0,Medium Priority
AMK-00051994,0.32223046456560567,0,Medium Priority
AMK-00035838,0.5193573371000948,1,Medium Priority
AMK-00032589,0.4140283972007364,0,Medium Priority
AMK-00014846,0.5273267869759298,1,Medium Priority
AMK-00037716,0.3459176969698945,0,Medium Priority
AMK-00036013,0.29100274035556606,0,Low Priority
AMK-00049602,0.656992829508004,1,Medium Priority
AMK-00008676,0.33776988345566406,0,Medium Priority
AMK-00013957,0.6215135544043304,1,Medium Priority
AMK-00062502,0.4893418580550109,0,Medium Priority
AMK-00010332,0.3261125857536353,0,Medium Priority
AMK-00063740,0.35313633074279976,0,Medium Priority
AMK-00047293,0.6655125460445009,1,Medium Priority
AMK-00042168,0.5004654459720722,1,Medium Priority
AMK-00013949,0.32679804074163693,0,Medium Priority
AMK-00060901,0.506338196491979,1,Medium Priority
AMK-00040178,0.1891037228549961,0,Low Priority
AMK-00018530,0.665929477705644,1,Medium Priority
AMK-00045650,0.5302227162239052,1,Medium Priority
AMK-00024211,0.7731566360313133,1,High Priority
AMK-00058188,0.74566819811132,1,High Priority
AMK-00042338,0.44815030547804136,0,Medium Priority
AMK-00027828,0.5194069542520304,1,Medium Priority
AMK-00028375,0.8051292785667501,1,High Priority
AMK-00016746,0.5812979888511337,1,Medium Priority
AMK-00026678,0.6644756579805882,1,Medium Priority
AMK-00021148,0.3925199910397745,0,Medium Priority
AMK-00054135,0.4935209362356929,0,Medium Priority
AMK-00026318,0.27173399738706816,0,Low Priority
AMK-00044092,0.48160652110860436,0,Medium Priority
AMK-00035146,0.38745985263346244,0,Medium Priority
AMK-00043041,0.39808407779306243,0,Medium Priority
AMK-00007278,0.5993336739690877,1,Medium Priority
AMK-00019810,0.2374772915579407,0,Low Priority
AMK-00036239,0.39359451246660465,0,Medium Priority
AMK-00019278,0.43053132945580214,0,Medium Priority
AMK-00037979,0.6155238955059046,1,Medium Priority
AMK-00043822,0.4628325939135668,0,Medium Priority
AMK-00018488,0.3959989925942028,0,Medium Priority
AMK-00010882,0.4138094900606529,0,Medium Priority
AMK-00023059,0.6464508317499377,1,Medium Priority
AMK-00017778,0.54677900007184,1,Medium Priority
AMK-00040292,0.41930669316265856,0,Medium Priority
AMK-00002762,0.6868360131105363,1,Medium Priority
AMK-00022113,0.4635876311901028,0,Medium Priority
AMK-00031158,0.4855592299964253,0,Medium Priority
AMK-00025321,0.5283430232330915,1,Medium Priority
AMK-00061647,0.5053879588202732,1,Medium Priority
AMK-00050772,0.25998131262420926,0,Low Priority
AMK-00005713,0.6328477146783077,1,Medium Priority
AMK-00042804,0.3924712678184237,0,Medium Priority
AMK-00011595,0.7690288423527802,1,High Priority
AMK-00013125,0.2817556000663418,0,Low Priority
AMK-00015540,0.45464340877857434,0,Medium Priority
AMK-00047454,0.6611628274557362,1,Medium Priority
AMK-00047914,0.3206673625077132,0,Medium Priority
AMK-00029607,0.7450991305260405,1,High Priority
AMK-00019295,0.42545019161590697,0,Medium Priority
AMK-00061002,0.38295874963086457,0,Medium Priority
AMK-00003800,0.30080607899695605,0,Medium Priority
AMK-00059452,0.5928026652561373,1,Medium Priority
AMK-00030661,0.6284162307236297,1,Medium Priority
AMK-00059231,0.4271076670813291,0,Medium Priority
AMK-00027340,0.6742306331273833,1,Medium Priority
AMK-00020833,0.26638500395594106,0,Low Priority
AMK-00024165,0.3129222749514452,0,Medium Priority
AMK-00001902,0.5756328549041965,1,Medium Priority
AMK-00005978,0.2653597816884921,0,Low Priority
AMK-00036708,0.5583637013044731,1,Medium Priority
AMK-00046328,0.6574492777112649,1,Medium Priority
AMK-00025488,0.6045243942965688,1,Medium Priority
AMK-00008421,0.6089937294166701,1,Medium Priority
AMK-00049096,0.4971376640025309,0,Medium Priority
AMK-00011913,0.6578800060727317,1,Medium Priority
AMK-00004801,0.22246295622106585,0,Low Priority
AMK-00025916,0.5866966287213276,1,Medium Priority
AMK-00033110,0.361891554624982,0,Medium Priority
AMK-00057032,0.3123637890214826,0,Medium Priority
AMK-00061541,0.6904416013354296,1,Medium Priority
AMK-00027756,0.3861560694614278,0,Medium Priority
AMK-00019502,0.7225954991611966,1,High Priority
AMK-00022592,0.461187496548736,0,Medium Priority
AMK-00031012,0.18763186674891086,0,Low Priority
AMK-00006226,0.3544426505702541,0,Medium Priority
AMK-00020305,0.49734827128485093,0,Medium Priority
AMK-00004673,0.46983101986209536,0,Medium Priority
AMK-00017463,0.686838303831267,1,Medium Priority
AMK-00005518,0.40835721590851876,0,Medium Priority
AMK-00040788,0.4806555207732881,0,Medium Priority
AMK-00056543,0.6903969531079049,1,Medium Priority
AMK-00056433,0.3922479272844373,0,Medium Priority
AMK-00041442,0.360328756826139,0,Medium Priority
AMK-00062028,0.6590200494486214,1,Medium Priority
AMK-00039432,0.48083430473147426,0,Medium Priority
AMK-00008427,0.4480951657458452,0,Medium Priority
AMK-00063774,0.3119402445513221,0,Medium Priority
AMK-00023367,0.4693857924107692,0,Medium Priority
AMK-00041109,0.6919825829776511,1,Medium Priority
AMK-00049304,0.3155040369817994,0,Medium Priority
AMK-00022363,0.8323724113331636,1,High Priority
AMK-00029960,0.6598838254709103,1,Medium Priority
AMK-00007417,0.25827928971445424,0,Low Priority
AMK-00026630,0.5772129974543442,1,Medium Priority
AMK-00062327,0.5864460568245288,1,Medium Priority
AMK-00055679,0.12124609538926748,0,Low Priority
AMK-00015983,0.387275746595689,0,Medium Priority
AMK-00006528,0.33197819431194214,0,Medium Priority
AMK-00032933,0.4976985157276669,0,Medium Priority
AMK-00002096,0.5364534799955841,1,Medium Priority
AMK-00014753,0.372639232943244,0,Medium Priority
AMK-00000774,0.7542347472316037,1,High Priority
AMK-00040687,0.3644407567035093,0,Medium Priority
AMK-00012646,0.6170912078157832,1,Medium Priority
AMK-00059389,0.4620114647073479,0,Medium Priority
AMK-00053730,0.3242001805306983,0,Medium Priority
AMK-00010870,0.28093318462299965,0,Low Priority
AMK-00053014,0.6572536900865886,1,Medium Priority
AMK-00017390,0.437017947856312,0,Medium Priority
AMK-00036179,0.4681821849085611,0,Medium Priority
AMK-00036654,0.34824695254779037,0,Medium Priority
AMK-00060824,0.5999669188896603,1,Medium Priority
AMK-00056391,0.300181689034809,0,Medium Priority
AMK-00004880,0.29197589914303723,0,Low Priority
AMK-00056204,0.30010731323816775,0,Medium Priority
AMK-00056414,0.20286258217943204,0,Low Priority
AMK-00035782,0.6578646169116864,1,Medium Priority
AMK-00010133,0.4691346066382145,0,Medium Priority
AMK-00045905,0.5549615980420111,1,Medium Priority
AMK-00060772,0.417852731317032,0,Medium Priority
AMK-00007480,0.2529977262787942,0,Low Priority
AMK-00038889,0.574052804281362,1,Medium Priority
AMK-00041944,0.5397835667542651,1,Medium Priority
AMK-00061396,0.5785595228849925,1,Medium Priority
AMK-00055983,0.3317590158711817,0,Medium Priority
AMK-00054643,0.4502821761470315,0,Medium Priority
AMK-00003032,0.296563641912835,0,Low Priority
AMK-00004400,0.5682046950994531,1,Medium Priority
AMK-00062616,0.3531728999673891,0,Medium Priority
AMK-00022270,0.46353538886519297,0,Medium Priority
AMK-00042122,0.43812502207922954,0,Medium Priority
AMK-00043157,0.524293067626479,1,Medium Priority
AMK-00019603,0.6255667466513963,1,Medium Priority
AMK-00004385,0.6060742583836252,1,Medium Priority
AMK-00034129,0.5133493220615365,1,Medium Priority
AMK-00023786,0.3216407564364558,0,Medium Priority
AMK-00053790,0.6666905888010256,1,Medium Priority
AMK-00037907,0.43192406916437287,0,Medium Priority
AMK-00018480,0.5856267670415506,1,Medium Priority
AMK-00015389,0.09665146790670001,0,Low Priority
AMK-00056451,0.45593893943494557,0,Medium Priority
AMK-00002183,0.3524628515063582,0,Medium Priority
AMK-00002288,0.4115543656776633,0,Medium Priority
AMK-00044976,0.6083197601325684,1,Medium Priority
AMK-00006537,0.3445484858894936,0,Medium Priority
AMK-00030759,0.4361481757935996,0,Medium Priority
AMK-00041657,0.46069772153383126,0,Medium Priority
AMK-00059808,0.2106206234221494,0,Low Priority
AMK-00006066,0.6730678387287976,1,Medium Priority
AMK-00034521,0.22418940959363357,0,Low Priority
AMK-00017663,0.6713669946028237,1,Medium Priority
AMK-00028074,0.44971959226752706,0,Medium Priority
AMK-00057568,0.2154053317650647,0,Low Priority
AMK-00010183,0.3372261882532961,0,Medium Priority
AMK-00025311,0.5919845869355885,1,Medium Priority
AMK-00007402,0.4462779922399666,0,Medium Priority
AMK-00025544,0.3815808751465333,0,Medium Priority
AMK-00036271,0.548349151775346,1,Medium Priority
AMK-00044374,0.3086401312544659,0,Medium Priority
AMK-00032311,0.40495279749410756,0,Medium Priority
AMK-00010916,0.49773199611540747,0,Medium Priority
AMK-00013981,0.4938096061245028,0,Medium Priority
AMK-00042899,0.6397347859975022,1,Medium Priority
AMK-00030096,0.5356910265014342,1,Medium Priority
AMK-00023717,0.4245033863408557,0,Medium Priority
AMK-00057119,0.6309512160010128,1,Medium Priority
AMK-00012968,0.5905551589384814,1,Medium Priority
AMK-00015268,0.5548908005618074,1,Medium Priority
AMK-00060047,0.5791734442727604,1,Medium Priority
AMK-00041785,0.5147401089142825,1,Medium Priority
AMK-00003886,0.28700235048590356,0,Low Priority
AMK-00044638,0.7925273819957416,1,High Priority
AMK-00049484,0.46117451814938865,0,Medium Priority
AMK-00057688,0.5668523203214708,1,Medium Priority
AMK-00048528,0.6331464974789622,1,Medium Priority
AMK-00036748,0.5557053225034421,1,Medium Priority
AMK-00013610,0.45220401884389316,0,Medium Priority
AMK-00011672,0.4288594801391449,0,Medium Priority
AMK-00025759,0.2748022606121771,0,Low Priority
AMK-00034674,0.5131146166436298,1,Medium Priority
AMK-00018968,0.43268827995642983,0,Medium Priority
AMK-00061863,0.4147907001120791,0,Medium Priority
AMK-00027062,0.5408379460506363,1,Medium Priority
AMK-00044002,0.5636754677650182,1,Medium Priority
AMK-00026264,0.5040990967288783,1,Medium Priority
AMK-00012145,0.37347830288103345,0,Medium Priority
AMK-00062528,0.7605871402980547,1,High Priority
AMK-00056499,0.49374714785291085,0,Medium Priority
AMK-00050563,0.6002748425925918,1,Medium Priority
AMK-00020331,0.26452770089595423,0,Low Priority
AMK-00034062,0.2731414516775081,0,Low Priority
AMK-00001487,0.6325236850333434,1,Medium Priority
AMK-00063538,0.3727214452301845,0,Medium Priority
AMK-00060629,0.2585352072144058,0,Low Priority
AMK-00036031,0.35699000539496534,0,Medium Priority
AMK-00018286,0.5186433228311556,1,Medium Priority
AMK-00042324,0.4221637836083386,0,Medium Priority
AMK-00032091,0.15177175224922554,0,Low Priority
AMK-00043328,0.3958900891052674,0,Medium Priority
AMK-00030770,0.30589872159429427,0,Medium Priority
AMK-00031765,0.38596851101345875,0,Medium Priority
AMK-00012142,0.3051549762042523,0,Medium Priority
AMK-00004253,0.35433427726195915,0,Medium Priority
AMK-00014936,0.7634510468698487,1,High Priority
AMK-00054416,0.4865779140389864,0,Medium Priority
AMK-00030444,0.531356007405663,1,Medium Priority
AMK-00061755,0.5402759337637503,1,Medium Priority
AMK-00003182,0.39331588978902876,0,Medium Priority
AMK-00060989,0.41863930124032206,0,Medium Priority
AMK-00041837,0.6721922607005654,1,Medium Priority
AMK-00023407,0.32420328805665755,0,Medium Priority
AMK-00054984,0.6414327340702811,1,Medium Priority
AMK-00001785,0.728743470372838,1,High Priority
AMK-00054730,0.5220297384236804,1,Medium Priority
AMK-00025249,0.5711780584536289,1,Medium Priority
AMK-00048819,0.20976831448494085,0,Low Priority
AMK-00026071,0.36912605874860377,0,Medium Priority
AMK-00053181,0.2793345750332854,0,Low Priority
AMK-00019682,0.5010107008842208,1,Medium Priority
AMK-00061644,0.581149812821968,1,Medium Priority
AMK-00045825,0.3145423200371683,0,Medium Priority
AMK-00034307,0.3970296731292439,0,Medium Priority
AMK-00043726,0.7233184730015084,1,High Priority
AMK-00027523,0.35164432940753365,0,Medium Priority
AMK-00031374,0.603181663821895,1,Medium Priority
AMK-00016285,0.4650886752246941,0,Medium Priority
AMK-00035639,0.46749569814509156,0,Medium Priority
AMK-00026183,0.3700954880532901,0,Medium Priority
AMK-00061559,0.31673514025381855,0,Medium Priority
AMK-00060701,0.6602616082586584,1,Medium Priority
AMK-00038808,0.32805623171285625,0,Medium Priority
AMK-00008614,0.40296095584741537,0,Medium Priority
AMK-00029287,0.41730540254829923,0,Medium Priority
AMK-00057283,0.4159339994628819,0,Medium Priority
AMK-00052523,0.5389495067492843,1,Medium Priority
AMK-00048857,0.4103888257763998,0,Medium Priority
AMK-00063495,0.5304151570948394,1,Medium Priority
AMK-00035865,0.6628608575138171,1,Medium Priority
AMK-00000944,0.39162359727056656,0,Medium Priority
AMK-00059483,0.4302415418833429,0,Medium Priority
AMK-00035604,0.476753686217634,0,Medium Priority
AMK-00026792,0.39013626787995265,0,Medium Priority
AMK-00013142,0.49128507210648076,0,Medium Priority
AMK-00063728,0.25601214419709045,0,Low Priority
AMK-00011485,0.5869929405025202,1,Medium Priority
AMK-00015760,0.8391969928585462,1,High Priority
AMK-00053725,0.35916723075227214,0,Medium Priority
AMK-00045026,0.7253530217767542,1,High Priority
AMK-00030537,0.5706804963057293,1,Medium Priority
AMK-00054790,0.5303146125236179,1,Medium Priority
AMK-00062829,0.8559646648233974,1,High Priority
AMK-00013553,0.33935924450692934,0,Medium Priority
AMK-00004912,0.3364847665042716,0,Medium Priority
AMK-00004645,0.5713756513442608,1,Medium Priority
AMK-00036091,0.30122155882007867,0,Medium Priority
AMK-00061106,0.5341511085252656,1,Medium Priority
AMK-00046049,0.4207416901862168,0,Medium Priority
AMK-00056438,0.6905077596983479,1,Medium Priority
AMK-00058815,0.5650612139662676,1,Medium Priority
AMK-00033778,0.522247690168457,1,Medium Priority
AMK-00032067,0.4086759722782469,0,Medium Priority
AMK-00014705,0.42362953826994054,0,Medium Priority
AMK-00011498,0.3946416672723075,0,Medium Priority
AMK-00005437,0.42743237391587363,0,Medium Priority
AMK-00020868,0.4378096283966427,0,Medium Priority
AMK-00052178,0.5893774214278608,1,Medium Priority
AMK-00004884,0.6872233079670601,1,Medium Priority
AMK-00062673,0.2563051164606008,0,Low Priority
AMK-00045637,0.37865916679400635,0,Medium Priority
AMK-00044214,0.2489039177362947,0,Low Priority
AMK-00032009,0.48565776573469843,0,Medium Priority
AMK-00058152,0.4693712916444137,0,Medium Priority
AMK-00012284,0.4323656544342505,0,Medium Priority
AMK-00044964,0.17994470347764938,0,Low Priority
AMK-00062759,0.29621964665050227,0,Low Priority
AMK-00002991,0.49922378478203044,0,Medium Priority
AMK-00059396,0.5189240822742868,1,Medium Priority
AMK-00023943,0.6637024003992772,1,Medium Priority
AMK-00027299,0.3775328589250965,0,Medium Priority
AMK-00008229,0.308493400763136,0,Medium Priority
AMK-00040987,0.5975061790172682,1,Medium Priority
AMK-00052479,0.3019986449890117,0,Medium Priority
AMK-00036693,0.4014954740352686,0,Medium Priority
AMK-00014050,0.5067570670947941,1,Medium Priority
AMK-00025925,0.5773431151798248,1,Medium Priority
AMK-00015577,0.32763648409982854,0,Medium Priority
AMK-00003309,0.5862157981578126,1,Medium Priority
AMK-00029480,0.3786108870690885,0,Medium Priority
AMK-00035373,0.691726079507407,1,Medium Priority
AMK-00017815,0.7406667050793124,1,High Priority
AMK-00020905,0.4817228086024549,0,Medium Priority
AMK-00033565,0.33110588230352755,0,Medium Priority
AMK-00057139,0.5494287790080338,1,Medium Priority
AMK-00052154,0.6428367533245758,1,Medium Priority
AMK-00026333,0.7574870696440277,1,High Priority
AMK-00023543,0.4247606906445482,0,Medium Priority
AMK-00061872,0.3386039797681668,0,Medium Priority
AMK-00000254,0.38833174541546034,0,Medium Priority
AMK-00013848,0.5696070219644883,1,Medium Priority
AMK-00040651,0.3007351075869323,0,Medium Priority
AMK-00062020,0.2796043099161125,0,Low Priority
AMK-00051303,0.6691762472392326,1,Medium Priority
AMK-00019820,0.5535651137134319,1,Medium Priority
AMK-00020322,0.2347434766214058,0,Low Priority
AMK-00039772,0.4974550409509164,0,Medium Priority
AMK-00015656,0.35117344714398263,0,Medium Priority
AMK-00042135,0.4072482081763532,0,Medium Priority
AMK-00026610,0.5136690840685668,1,Medium Priority
AMK-00037542,0.5029752264484263,1,Medium Priority
AMK-00053747,0.687470138250222,1,Medium Priority
AMK-00005429,0.7255054052499302,1,High Priority
AMK-00018296,0.6008977130781479,1,Medium Priority
AMK-00063293,0.4918756422010834,0,Medium Priority
AMK-00041309,0.35326217152262085,0,Medium Priority
AMK-00001571,0.4337689417071745,0,Medium Priority
AMK-00004093,0.5740283435281357,1,Medium Priority
AMK-00033859,0.4758718969104009,0,Medium Priority
AMK-00034691,0.5022394365572682,1,Medium Priority
AMK-00023231,0.47495942232517346,0,Medium Priority
AMK-00045002,0.7223815891334514,1,High Priority
AMK-00039666,0.6067607076731306,1,Medium Priority
AMK-00038345,0.7978983985588809,1,High Priority
AMK-00004058,0.6070834652512037,1,Medium Priority
AMK-00022401,0.4747678955529898,0,Medium Priority
AMK-00056344,0.6479920436791454,1,Medium Priority
AMK-00037018,0.6966063792159038,1,Medium Priority
AMK-00008669,0.3183641718047569,0,Medium Priority
AMK-00026538,0.4100348181400653,0,Medium Priority
AMK-00044168,0.19695788491331245,0,Low Priority
AMK-00012762,0.6046036004054149,1,Medium Priority
AMK-00019923,0.4859183211899251,0,Medium Priority
AMK-00020850,0.540620417941477,1,Medium Priority
AMK-00004108,0.4737201222728717,0,Medium Priority
AMK-00022143,0.4452206123306489,0,Medium Priority
AMK-00007181,0.535596268025677,1,Medium Priority
AMK-00044952,0.7164017029768202,1,High Priority
AMK-00003086,0.34831384727292053,0,Medium Priority
AMK-00048093,0.6613773661833624,1,Medium Priority
AMK-00057606,0.2906127892995731,0,Low Priority
AMK-00016276,0.3164039892360636,0,Medium Priority
AMK-00011648,0.6949743758342678,1,Medium Priority
AMK-00053137,0.3181066265191783,0,Medium Priority
AMK-00059481,0.5664858817002644,1,Medium Priority
AMK-00010599,0.43989391930116545,0,Medium Priority
AMK-00021287,0.4039149524351201,0,Medium Priority
AMK-00024842,0.21983231150534718,0,Low Priority
AMK-00016409,0.8060131796751825,1,High Priority
AMK-00047431,0.40257942595650775,0,Medium Priority
AMK-00062184,0.45331100045543826,0,Medium Priority
AMK-00022817,0.2056776818753732,0,Low Priority
AMK-00042548,0.35607789738334295,0,Medium Priority
AMK-00006424,0.49232182821360426,0,Medium Priority
AMK-00024014,0.6869712893740629,1,Medium Priority
AMK-00045329,0.28301443960599926,0,Low Priority
AMK-00042353,0.4700685655463157,0,Medium Priority
AMK-00038952,0.5168018383457887,1,Medium Priority
AMK-00033879,0.35298006992128145,0,Medium Priority
AMK-00052232,0.6580962957000783,1,Medium Priority
AMK-00056755,0.28374114314912435,0,Low Priority
AMK-00053427,0.6762153073933883,1,Medium Priority
AMK-00057520,0.51292901792136,1,Medium Priority
AMK-00009640,0.2629433559701733,0,Low Priority
AMK-00000115,0.17359099461879177,0,Low Priority
AMK-00062356,0.39573717546072407,0,Medium Priority
AMK-00046356,0.4335183654739859,0,Medium Priority
AMK-00023544,0.41276222548280184,0,Medium Priority
AMK-00044935,0.3224263035594086,0,Medium Priority
AMK-00012585,0.34928685519300967,0,Medium Priority
AMK-00030237,0.6341291882698304,1,Medium Priority
AMK-00013401,0.5396515027597002,1,Medium Priority
AMK-00060481,0.3177116190075988,0,Medium Priority
AMK-00051842,0.35002699259680514,0,Medium Priority
AMK-00032352,0.17009602512153707,0,Low Priority
AMK-00034613,0.5074576656466977,1,Medium Priority
AMK-00058005,0.41563703640538097,0,Medium Priority
AMK-00021844,0.3940368412787943,0,Medium Priority
AMK-00054247,0.5874730643735321,1,Medium Priority
AMK-00047653,0.42164057769355995,0,Medium Priority
AMK-00020650,0.7402304730686361,1,High Priority
AMK-00010122,0.6076596334484239,1,Medium Priority
AMK-00032516,0.63955376324717,1,Medium Priority
AMK-00049100,0.36025513256886366,0,Medium Priority
AMK-00040337,0.6022225986451706,1,Medium Priority
AMK-00061813,0.3427872819891615,0,Medium Priority
AMK-00038609,0.6843012249707727,1,Medium Priority
AMK-00040270,0.4308871680519276,0,Medium Priority
AMK-00046445,0.5938177588618476,1,Medium Priority
AMK-00014495,0.29106246155257715,0,Low Priority
AMK-00035559,0.352182484873102,0,Medium Priority
AMK-00047622,0.4153410232801582,0,Medium Priority
AMK-00032143,0.4081017894567565,0,Medium Priority
AMK-00030840,0.49832386586393274,0,Medium Priority
AMK-00019328,0.5454576642579007,1,Medium Priority
AMK-00000885,0.28304421002132685,0,Low Priority
AMK-00037161,0.5503308939372005,1,Medium Priority
AMK-00003336,0.31191373090885155,0,Medium Priority
AMK-00057038,0.42211414466430636,0,Medium Priority
AMK-00009173,0.8340337904010813,1,High Priority
AMK-00008386,0.6708602102638794,1,Medium Priority
AMK-00013506,0.5775534454523469,1,Medium Priority
AMK-00044950,0.6550788716894625,1,Medium Priority
AMK-00053561,0.20719021123582113,0,Low Priority
AMK-00039456,0.5160913735436857,1,Medium Priority
AMK-00025156,0.6437753894176639,1,Medium Priority
AMK-00033644,0.27224521993769507,0,Low Priority
AMK-00057310,0.36387364083045126,0,Medium Priority
AMK-00044137,0.6351119424366112,1,Medium Priority
AMK-00057055,0.34373807511777316,0,Medium Priority
AMK-00030690,0.5490700788839107,1,Medium Priority
AMK-00038747,0.43947609283458255,0,Medium Priority
AMK-00059090,0.5017029287345447,1,Medium Priority
AMK-00039551,0.5742152656962518,1,Medium Priority
AMK-00044413,0.6864890872319169,1,Medium Priority
AMK-00031989,0.3995854407224463,0,Medium Priority
AMK-00014866,0.4674481519643606,0,Medium Priority
AMK-00057371,0.4659971082675617,0,Medium Priority
AMK-00004013,0.5674742634773783,1,Medium Priority
AMK-00004860,0.5811106533374218,1,Medium Priority
AMK-00041519,0.40337294779615385,0,Medium Priority
AMK-00012797,0.18275618390942588,0,Low Priority
AMK-00054922,0.4002935411087083,0,Medium Priority
AMK-00028327,0.45745402102370986,0,Medium Priority
AMK-00012914,0.4412615372569376,0,Medium Priority
AMK-00010116,0.5518475673399178,1,Medium Priority
AMK-00001697,0.21828820297789434,0,Low Priority
AMK-00028958,0.5903429732849396,1,Medium Priority
AMK-00048728,0.40186416071819236,0,Medium Priority
AMK-00035059,0.7039890118218161,1,High Priority
AMK-00034989,0.6376887937928633,1,Medium Priority
AMK-00052774,0.5310811206074064,1,Medium Priority
AMK-00050890,0.30294444291825223,0,Medium Priority
AMK-00038040,0.4292910010076641,0,Medium Priority
AMK-00040489,0.34567506093328026,0,Medium Priority
AMK-00011840,0.4419823208047301,0,Medium Priority
AMK-00063536,0.6526556818309165,1,Medium Priority
AMK-00055648,0.6159534332446959,1,Medium Priority
AMK-00039925,0.49422607211933794,0,Medium Priority
AMK-00040357,0.6892251073071376,1,Medium Priority
AMK-00053721,0.4498705109450919,0,Medium Priority
AMK-00043607,0.6395936787830495,1,Medium Priority
AMK-00030638,0.6049906728912954,1,Medium Priority
AMK-00003432,0.2588120259368424,0,Low Priority
AMK-00026739,0.3303818799526309,0,Medium Priority
AMK-00005772,0.31312548663426015,0,Medium Priority
AMK-00005663,0.6550290997049963,1,Medium Priority
AMK-00029805,0.5192925062674256,1,Medium Priority
AMK-00029713,0.3468825280137947,0,Medium Priority
AMK-00040452,0.698900453051246,1,Medium Priority
AMK-00058398,0.5577874748618582,1,Medium Priority
AMK-00034681,0.19407010637811895,0,Low Priority
AMK-00045283,0.3254461126358844,0,Medium Priority
AMK-00053712,0.4451389784140223,0,Medium Priority
AMK-00003453,0.6796422827240202,1,Medium Priority
AMK-00055110,0.5163542677481814,1,Medium Priority
AMK-00013115,0.3932347387659859,0,Medium Priority
AMK-00021194,0.4239411854658365,0,Medium Priority
AMK-00055518,0.672475779264267,1,Medium Priority
AMK-00062882,0.32885762987294365,0,Medium Priority
AMK-00053454,0.30919167998974184,0,Medium Priority
AMK-00053765,0.5135873721824475,1,Medium Priority
AMK-00013133,0.38093216542744485,0,Medium Priority
AMK-00028466,0.8079099679220806,1,High Priority
AMK-00043660,0.2744150026288367,0,Low Priority
AMK-00042525,0.3217410658871383,0,Medium Priority
AMK-00000477,0.594070951167093,1,Medium Priority
AMK-00029384,0.8059089371490665,1,High Priority
AMK-00003708,0.23614392418027996,0,Low Priority
AMK-00047390,0.6763492812252492,1,Medium Priority
AMK-00058362,0.29198348668776775,0,Low Priority
AMK-00007144,0.37095912194702524,0,Medium Priority
AMK-00021465,0.7334199391270376,1,High Priority
AMK-00048713,0.2805962573256018,0,Low Priority
AMK-00051829,0.6339235625828434,1,Medium Priority
AMK-00037453,0.6521993865454754,1,Medium Priority
AMK-00041418,0.6101929612155121,1,Medium Priority
AMK-00061942,0.7091011997774208,1,High Priority
AMK-00028615,0.6812887640803369,1,Medium Priority
AMK-00059799,0.7758165798414758,1,High Priority
AMK-00022625,0.523207331013242,1,Medium Priority
AMK-00036794,0.5645191705168972,1,Medium Priority
AMK-00022084,0.3149520733527416,0,Medium Priority
AMK-00016064,0.4031263214374565,0,Medium Priority
AMK-00023993,0.6123119138215969,1,Medium Priority
AMK-00002153,0.670785277260647,1,Medium Priority
AMK-00041905,0.5699183190162732,1,Medium Priority
AMK-00013062,0.24997827167494502,0,Low Priority
AMK-00058225,0.46812853956509665,0,Medium Priority
AMK-00022997,0.5028606764202153,1,Medium Priority
AMK-00009355,0.2339943970105452,0,Low Priority
AMK-00021440,0.34267628414211726,0,Medium Priority
AMK-00035439,0.3929052700443971,0,Medium Priority
AMK-00034901,0.418156704789015,0,Medium Priority
AMK-00012695,0.4986417033092422,0,Medium Priority
AMK-00022123,0.3308281603891341,0,Medium Priority
AMK-00059340,0.5154741290500928,1,Medium Priority
AMK-00023518,0.3373769895277166,0,Medium Priority
AMK-00046529,0.5727138095030531,1,Medium Priority
AMK-00025032,0.18684896863966083,0,Low Priority
AMK-00050062,0.46745603422962756,0,Medium Priority
AMK-00023031,0.48930873464646285,0,Medium Priority
AMK-00037579,0.6185230132648271,1,Medium Priority
AMK-00049830,0.5929509788319709,1,Medium Priority
AMK-00044170,0.3863003095762217,0,Medium Priority
AMK-00020004,0.5535858658517532,1,Medium Priority
AMK-00056969,0.5053917637000871,1,Medium Priority
AMK-00034771,0.5189643465167745,1,Medium Priority
AMK-00005995,0.23443326401508915,0,Low Priority
AMK-00051381,0.38986133457137695,0,Medium Priority
AMK-00015594,0.6114463046017387,1,Medium Priority
AMK-00037102,0.532777587693746,1,Medium Priority
AMK-00063491,0.5744885644650551,1,Medium Priority
AMK-00016387,0.5560711649254155,1,Medium Priority
AMK-00035088,0.6732559653985621,1,Medium Priority
AMK-00053111,0.34296732680161085,0,Medium Priority
AMK-00061639,0.7930943175769046,1,High Priority
AMK-00054005,0.32538388482553554,0,Medium Priority
AMK-00047132,0.5329790115463088,1,Medium Priority
AMK-00016840,0.45257773935454676,0,Medium Priority
AMK-00057700,0.5723872611735757,1,Medium Priority
AMK-00023920,0.26955171108664877,0,Low Priority
AMK-00027513,0.6965236019580325,1,Medium Priority
AMK-00005786,0.5230091790165262,1,Medium Priority
AMK-00005395,0.45930240342043277,0,Medium Priority
AMK-00021112,0.4932239367267659,0,Medium Priority
AMK-00043727,0.4070286304499412,0,Medium Priority
AMK-00001001,0.4446578863634546,0,Medium Priority
AMK-00051556,0.4820842980223983,0,Medium Priority
AMK-00020849,0.4213066250589517,0,Medium Priority
AMK-00058902,0.6949763471651997,1,Medium Priority
AMK-00017519,0.537800558415669,1,Medium Priority
AMK-00012725,0.23754636091843379,0,Low Priority
AMK-00003648,0.8380693535238927,1,High Priority
AMK-00042119,0.33453728042279957,0,Medium Priority
AMK-00035627,0.3996947878159417,0,Medium Priority
AMK-00049327,0.6376373215202128,1,Medium Priority
AMK-00015651,0.45175796985460215,0,Medium Priority
AMK-00004347,0.37259819257668536,0,Medium Priority
AMK-00041200,0.25374472602748055,0,Low Priority
AMK-00060545,0.430560718519525,0,Medium Priority
AMK-00015467,0.35290036981969203,0,Medium Priority
AMK-00030018,0.3878650784686208,0,Medium Priority
AMK-00012352,0.5083110864026095,1,Medium Priority
AMK-00015484,0.4148337541442836,0,Medium Priority
AMK-00009999,0.6088957473907649,1,Medium Priority
AMK-00039109,0.3120041966011722,0,Medium Priority
AMK-00050597,0.6395802187050174,1,Medium Priority
AMK-00043168,0.554656777386964,1,Medium Priority
AMK-00058871,0.695160144612523,1,Medium Priority
AMK-00011308,0.6116234170026617,1,Medium Priority
AMK-00000963,0.5765630589378059,1,Medium Priority
AMK-00001296,0.6010589791420383,1,Medium Priority
AMK-00020280,0.2160452524791993,0,Low Priority
AMK-00023806,0.6556769535893296,1,Medium Priority
AMK-00061553,0.506735563311685,1,Medium Priority
AMK-00021491,0.6256127539825569,1,Medium Priority
AMK-00013725,0.7387034038955997,1,High Priority
AMK-00042111,0.5451669304400232,1,Medium Priority
AMK-00024419,0.2870918968740093,0,Low Priority
AMK-00052171,0.44392264013367505,0,Medium Priority
AMK-00057021,0.5658295794211045,1,Medium Priority
AMK-00062843,0.41637189662136387,0,Medium Priority
AMK-00020025,0.4533632577423829,0,Medium Priority
AMK-00044521,0.6083851727187158,1,Medium Priority
AMK-00010714,0.6784869903877204,1,Medium Priority
AMK-00040733,0.669418373352297,1,Medium Priority
AMK-00019471,0.3185653861281936,0,Medium Priority
AMK-00036260,0.5515440219377227,1,Medium Priority
AMK-00007108,0.2696550886261627,0,Low Priority
AMK-00046090,0.6986251303608673,1,Medium Priority
AMK-00037671,0.7265523353289265,1,High Priority
AMK-00006166,0.5062591972220257,1,Medium Priority
AMK-00059868,0.3778495698555775,0,Medium Priority
AMK-00010501,0.6137136171724475,1,Medium Priority
AMK-00038906,0.4504353473656586,0,Medium Priority
AMK-00001220,0.5890540310772195,1,Medium Priority
AMK-00040540,0.4485908540290502,0,Medium Priority
AMK-00037058,0.43225641955021044,0,Medium Priority
AMK-00038440,0.786698649782896,1,High Priority
AMK-00002531,0.33438213988532767,0,Medium Priority
AMK-00042847,0.4606308148647372,0,Medium Priority
AMK-00013727,0.41903124500064176,0,Medium Priority
AMK-00046631,0.24978671157453625,0,Low Priority
AMK-00023728,0.32643708687911516,0,Medium Priority
AMK-00038096,0.5320788350828392,1,Medium Priority
AMK-00046726,0.39273528061780466,0,Medium Priority
AMK-00029899,0.7347888335966735,1,High Priority
AMK-00026677,0.46165884323941103,0,Medium Priority
AMK-00021285,0.5050343868332657,1,Medium Priority
AMK-00002550,0.44545279061540904,0,Medium Priority
AMK-00056190,0.6542359219119686,1,Medium Priority
AMK-00039331,0.5035307266830705,1,Medium Priority
AMK-00058263,0.3616885212123856,0,Medium Priority
AMK-00043069,0.5325890580886918,1,Medium Priority
AMK-00011877,0.20190143417308618,0,Low Priority
AMK-00029312,0.7329426956936028,1,High Priority
AMK-00043588,0.1784392442919378,0,Low Priority
AMK-00053090,0.33994756519249275,0,Medium Priority
AMK-00040011,0.537068596643071,1,Medium Priority
AMK-00060791,0.43106385057560154,0,Medium Priority
AMK-00000226,0.3950782136997692,0,Medium Priority
AMK-00036315,0.7678516631622149,1,High Priority
AMK-00060961,0.19061555942467012,0,Low Priority
AMK-00017798,0.6068195039804137,1,Medium Priority
AMK-00049948,0.4297663484920198,0,Medium Priority
AMK-00003057,0.3501249545351707,0,Medium Priority
AMK-00061299,0.49525664336865166,0,Medium Priority
AMK-00025211,0.26366306762684844,0,Low Priority
AMK-00027180,0.21220437187549115,0,Low Priority
AMK-00027284,0.35579374941778763,0,Medium Priority
AMK-00037916,0.6829687788719211,1,Medium Priority
AMK-00042594,0.43629224291042656,0,Medium Priority
AMK-00022465,0.5422992267153521,1,Medium Priority
AMK-00057012,0.23706792037943564,0,Low Priority
AMK-00055397,0.6062744985868832,1,Medium Priority
AMK-00032806,0.4333787846368647,0,Medium Priority
AMK-00023437,0.4921211838255293,0,Medium Priority
AMK-00047326,0.2299579707074278,0,Low Priority
AMK-00014091,0.40023409002917254,0,Medium Priority
AMK-00014412,0.27305143465621223,0,Low Priority
AMK-00040361,0.5448811522056027,1,Medium Priority
AMK-00054431,0.704880474207345,1,High Priority
AMK-00003289,0.3483899212771005,0,Medium Priority
AMK-00062429,0.7725536379915712,1,High Priority
AMK-00026553,0.34083956164534385,0,Medium Priority
AMK-00009026,0.6154408929747113,1,Medium Priority
AMK-00058448,0.5003641334650414,1,Medium Priority
AMK-00058884,0.25205405484929216,0,Low Priority
AMK-00052439,0.7101431969538938,1,High Priority
AMK-00041275,0.4328382338318435,0,Medium Priority
AMK-00010584,0.40711021052414814,0,Medium Priority
AMK-00056596,0.5979377387687242,1,Medium Priority
AMK-00016232,0.38175712859210886,0,Medium Priority
AMK-00006146,0.338774815671934,0,Medium Priority
AMK-00014108,0.4316457637654471,0,Medium Priority
AMK-00054492,0.43133346098485575,0,Medium Priority
AMK-00032951,0.31956556072215664,0,Medium Priority
AMK-00027971,0.3600052324312246,0,Medium Priority
AMK-00020865,0.8034870717875268,1,High Priority
AMK-00058108,0.48645677663340803,0,Medium Priority
AMK-00061660,0.4237241120418263,0,Medium Priority
AMK-00049826,0.5293715848208692,1,Medium Priority
AMK-00012789,0.3635984208398482,0,Medium Priority
AMK-00032987,0.43783529050875813,0,Medium Priority
AMK-00012115,0.41386628477540377,0,Medium Priority
AMK-00059121,0.6596068529565045,1,Medium Priority
AMK-00047739,0.5050154334736283,1,Medium Priority
AMK-00047882,0.5335573280875529,1,Medium Priority
AMK-00009956,0.7928769554360425,1,High Priority
AMK-00018267,0.4498812309097113,0,Medium Priority
AMK-00022702,0.5153906933210042,1,Medium Priority
AMK-00050707,0.7752908205321163,1,High Priority
AMK-00011608,0.24887484347941174,0,Low Priority
AMK-00001642,0.5223050482613852,1,Medium Priority
AMK-00011861,0.3995095238229011,0,Medium Priority
AMK-00017296,0.24954703651752855,0,Low Priority
AMK-00052448,0.6165726691418242,1,Medium Priority
AMK-00059557,0.5037005893799769,1,Medium Priority
AMK-00057156,0.6323530645304064,1,Medium Priority
AMK-00054227,0.40024794982262735,0,Medium Priority
AMK-00050265,0.15571438779749514,0,Low Priority
AMK-00009632,0.5110606949086505,1,Medium Priority
AMK-00061003,0.6450510875222749,1,Medium Priority
AMK-00006202,0.3386400053162897,0,Medium Priority
AMK-00054762,0.44437100551926273,0,Medium Priority
AMK-00018786,0.3240040747177891,0,Medium Priority
AMK-00050170,0.29944222591500014,0,Low Priority
AMK-00030052,0.5546650493999108,1,Medium Priority
AMK-00000937,0.3929953799255643,0,Medium Priority
AMK-00058439,0.546957004482589,1,Medium Priority
AMK-00010010,0.7747940956125088,1,High Priority
AMK-00056128,0.6454554526309066,1,Medium Priority
AMK-00001524,0.7149050407955361,1,High Priority
AMK-00001411,0.42015157801851405,0,Medium Priority
AMK-00007271,0.19228882034760342,0,Low Priority
AMK-00029659,0.45940517180621304,0,Medium Priority
AMK-00029545,0.41552303068507884,0,Medium Priority
AMK-00055324,0.6890575737375287,1,Medium Priority
AMK-00021862,0.20688236331942692,0,Low Priority
AMK-00021908,0.5502798894853124,1,Medium Priority
AMK-00038880,0.36152704038395667,0,Medium Priority
AMK-00050589,0.3099393929884636,0,Medium Priority
AMK-00028957,0.48125903869908726,0,Medium Priority
AMK-00052267,0.5524788840517362,1,Medium Priority
AMK-00034703,0.3009503676189078,0,Medium Priority
AMK-00003273,0.624215700664695,1,Medium Priority
AMK-00062057,0.7883281523751311,1,High Priority
AMK-00001792,0.6818931949019813,1,Medium Priority
AMK-00024782,0.4533182662958853,0,Medium Priority
AMK-00020717,0.26853272974699666,0,Low Priority
AMK-00056352,0.5692792805640124,1,Medium Priority
AMK-00057037,0.6300156271309629,1,Medium Priority
AMK-00049856,0.5810501448115282,1,Medium Priority
AMK-00007259,0.5677677972368027,1,Medium Priority
AMK-00031401,0.421006708248759,0,Medium Priority
AMK-00010290,0.33017340007037865,0,Medium Priority
AMK-00039999,0.5777759227479476,1,Medium Priority
AMK-00044077,0.6167041437716536,1,Medium Priority
AMK-00001793,0.3523779220640285,0,Medium Priority
AMK-00025911,0.24470781350308723,0,Low Priority
AMK-00014760,0.48395554080636527,0,Medium Priority
AMK-00024632,0.30509539922035744,0,Medium Priority
AMK-00005971,0.6724447057662855,1,Medium Priority
AMK-00027858,0.20932814418450438,0,Low Priority
AMK-00018957,0.5646685457252278,1,Medium Priority
AMK-00052222,0.5969286445446517,1,Medium Priority
AMK-00044402,0.550351308901041,1,Medium Priority
AMK-00007824,0.32514718294172673,0,Medium Priority
AMK-00013702,0.35856782690509537,0,Medium Priority
AMK-00048780,0.37193025616790476,0,Medium Priority
AMK-00044825,0.2862613522275403,0,Low Priority
AMK-00011757,0.31841192307715643,0,Medium Priority
AMK-00031811,0.6462458738176712,1,Medium Priority
AMK-00011437,0.43921996095604415,0,Medium Priority
AMK-00006430,0.40209045552870876,0,Medium Priority
AMK-00044386,0.52844170738265,1,Medium Priority
AMK-00033212,0.5043027677534507,1,Medium Priority
AMK-00032024,0.2648631285221517,0,Low Priority
AMK-00020211,0.48346133219333826,0,Medium Priority
AMK-00000690,0.6294367802136988,1,Medium Priority
AMK-00005074,0.6638547010346425,1,Medium Priority
AMK-00011876,0.4882367598436644,0,Medium Priority
AMK-00017535,0.41863759978685944,0,Medium Priority
AMK-00042474,0.5960999233582989,1,Medium Priority
AMK-00047041,0.5409897396759995,1,Medium Priority
AMK-00039103,0.6674422348106088,1,Medium Priority
AMK-00007678,0.7004934646661356,1,High Priority
AMK-00051297,0.6623796549004018,1,Medium Priority
AMK-00013713,0.4321623194187042,0,Medium Priority
AMK-00033884,0.41539693301151137,0,Medium Priority
AMK-00052756,0.49658309122166827,0,Medium Priority
AMK-00021011,0.6516210327536062,1,Medium Priority
AMK-00038558,0.4831102809190164,0,Medium Priority
AMK-00005370,0.4812316860332478,0,Medium Priority
AMK-00009168,0.4865788172998682,0,Medium Priority
AMK-00014432,0.7084756879726974,1,High Priority
AMK-00041767,0.48518561742524435,0,Medium Priority
AMK-00029652,0.430185902571378,0,Medium Priority
AMK-00017080,0.256527608852007,0,Low Priority
AMK-00026961,0.7010960080869799,1,High Priority
AMK-00059080,0.4647787686539847,0,Medium Priority
AMK-00004208,0.738861190460305,1,High Priority
AMK-00041963,0.6868093765353316,1,Medium Priority
AMK-00052450,0.4331889710044876,0,Medium Priority
AMK-00008401,0.4820237356364128,0,Medium Priority
AMK-00020788,0.505041301682193,1,Medium Priority
AMK-00049287,0.2892883664293615,0,Low Priority
AMK-00041858,0.35138426045368837,0,Medium Priority
AMK-00042307,0.3150952133416864,0,Medium Priority
AMK-00006349,0.4265462649699061,0,Medium Priority
AMK-00049216,0.4641445097729151,0,Medium Priority
AMK-00023578,0.5625509076673364,1,Medium Priority
AMK-00031785,0.351244100957902,0,Medium Priority
AMK-00057340,0.6969006262464656,1,Medium Priority
AMK-00010352,0.48352904244077466,0,Medium Priority
AMK-00030856,0.6531413055188451,1,Medium Priority
AMK-00007730,0.6360669089630703,1,Medium Priority
AMK-00006914,0.5188083124098829,1,Medium Priority
AMK-00024373,0.6076242855709444,1,Medium Priority
AMK-00011714,0.30257735984707224,0,Medium Priority
AMK-00050867,0.3169226813538356,0,Medium Priority
AMK-00044481,0.244281817280536,0,Low Priority
AMK-00058223,0.7327449527228848,1,High Priority
AMK-00037819,0.4347023187045059,0,Medium Priority
AMK-00048980,0.250260245694865,0,Low Priority
AMK-00020019,0.4997758036011034,0,Medium Priority
AMK-00012987,0.770120029543169,1,High Priority
AMK-00054800,0.7067556271264582,1,High Priority
AMK-00012488,0.5156826077470449,1,Medium Priority
AMK-00010418,0.29218584448186713,0,Low Priority
AMK-00043174,0.2193066419659373,0,Low Priority
AMK-00013916,0.5054276635160344,1,Medium Priority
AMK-00030960,0.6700048921265567,1,Medium Priority
AMK-00043819,0.5804208852721293,1,Medium Priority
AMK-00016094,0.6059028718615491,1,Medium Priority
AMK-00003185,0.49502470974796065,0,Medium Priority
AMK-00032123,0.6485120202339062,1,Medium Priority
AMK-00059140,0.639177505575451,1,Medium Priority
AMK-00059855,0.35495878884301524,0,Medium Priority
AMK-00007107,0.5678094414336073,1,Medium Priority
AMK-00011528,0.5557860689251535,1,Medium Priority
AMK-00024698,0.18086328839897567,0,Low Priority
AMK-00050977,0.5867201359480005,1,Medium Priority
AMK-00026309,0.2551810085274474,0,Low Priority
AMK-00040670,0.41151785447781825,0,Medium Priority
AMK-00027013,0.38166223483490813,0,Medium Priority
AMK-00004375,0.6105247992331024,1,Medium Priority
AMK-00021839,0.5073443477832658,1,Medium Priority
AMK-00055462,0.3088436833581602,0,Medium Priority
AMK-00060978,0.8401702122903808,1,High Priority
AMK-00020371,0.5677607901651873,1,Medium Priority
AMK-00042443,0.6303782252822532,1,Medium Priority
AMK-00037750,0.38213391089398646,0,Medium Priority
AMK-00061184,0.6869907098921003,1,Medium Priority
AMK-00039978,0.3743215444985068,0,Medium Priority
AMK-00006236,0.1866689021884253,0,Low Priority
AMK-00058053,0.7317725997894198,1,High Priority
AMK-00027843,0.4989874003188845,0,Medium Priority
AMK-00017395,0.22257298116322272,0,Low Priority
AMK-00051936,0.5985721225781245,1,Medium Priority
AMK-00036775,0.43961101861515595,0,Medium Priority
AMK-00059339,0.35142894682765646,0,Medium Priority
AMK-00048423,0.7161343620555489,1,High Priority
AMK-00052419,0.46585690055156737,0,Medium Priority
AMK-00036268,0.49724817206254207,0,Medium Priority
AMK-00036424,0.42522537937746435,0,Medium Priority
AMK-00037768,0.24362883694867588,0,Low Priority
AMK-00052745,0.47427486306735434,0,Medium Priority
AMK-00052802,0.3614611824387145,0,Medium Priority
AMK-00012933,0.2724260887399884,0,Low Priority
AMK-00012336,0.6981016350962213,1,Medium Priority
AMK-00052413,0.6114635839160717,1,Medium Priority
AMK-00000055,0.35314927532036844,0,Medium Priority
AMK-00038471,0.4563848311426183,0,Medium Priority
AMK-00006703,0.5432323129130409,1,Medium Priority
AMK-00009554,0.385897349780604,0,Medium Priority
AMK-00013020,0.6348997141229787,1,Medium Priority
AMK-00041366,0.7185929029500381,1,High Priority
AMK-00001291,0.6185279385954684,1,Medium Priority
AMK-00039003,0.587409742583619,1,Medium Priority
AMK-00008518,0.6268011532448637,1,Medium Priority
AMK-00014767,0.5615356097207354,1,Medium Priority
AMK-00048839,0.49316563107290007,0,Medium Priority
AMK-00047841,0.6915251740683729,1,Medium Priority
AMK-00031952,0.6959542251698753,1,Medium Priority
AMK-00033416,0.6797809665698168,1,Medium Priority
AMK-00012258,0.19948493913530133,0,Low Priority
AMK-00025748,0.37785748970593597,0,Medium Priority
AMK-00027796,0.7496043578039463,1,High Priority
AMK-00021980,0.3703329337280456,0,Medium Priority
AMK-00037379,0.6369894374569064,1,Medium Priority
AMK-00042738,0.3531510237143294,0,Medium Priority
AMK-00047856,0.5241127729706124,1,Medium Priority
AMK-00061917,0.7581042654917252,1,High Priority
AMK-00009280,0.32149754615420056,0,Medium Priority
AMK-00006667,0.5617133006643633,1,Medium Priority
AMK-00058718,0.4435515918551219,0,Medium Priority
AMK-00046959,0.6374028744982145,1,Medium Priority
AMK-00025435,0.20886018212259072,0,Low Priority
AMK-00021476,0.29702100973730117,0,Low Priority
AMK-00044206,0.33026508578771197,0,Medium Priority
AMK-00022074,0.45972043461424955,0,Medium Priority
AMK-00046055,0.503745819915498,1,Medium Priority
AMK-00043705,0.20565349739196984,0,Low Priority
AMK-00007455,0.36089381447436125,0,Medium Priority
AMK-00000345,0.44647425113392153,0,Medium Priority
AMK-00048427,0.37314434802777563,0,Medium Priority
AMK-00006134,0.3649152862074875,0,Medium Priority
AMK-00049639,0.7094371464296277,1,High Priority
AMK-00051910,0.6845595382608519,1,Medium Priority
AMK-00062285,0.41093648670099764,0,Medium Priority
AMK-00063189,0.42114636051632787,0,Medium Priority
AMK-00056951,0.41201932446060235,0,Medium Priority
AMK-00007515,0.3688463523795652,0,Medium Priority
AMK-00046080,0.49358429135779847,0,Medium Priority
AMK-00008479,0.7352901109456158,1,High Priority
AMK-00048627,0.45939418521185515,0,Medium Priority
AMK-00024229,0.49885641656337476,0,Medium Priority
AMK-00028692,0.3358146112726743,0,Medium Priority
AMK-00049320,0.41591534286685533,0,Medium Priority
AMK-00000275,0.34802532659669294,0,Medium Priority
AMK-00051777,0.37391376330211135,0,Medium Priority
AMK-00042806,0.5956903028373117,1,Medium Priority
AMK-00060126,0.3240709780311697,0,Medium Priority
AMK-00013813,0.3675276166175055,0,Medium Priority
AMK-00007163,0.6509188284582809,1,Medium Priority
AMK-00029360,0.3246692023542443,0,Medium Priority
AMK-00008351,0.40038678222048446,0,Medium Priority
AMK-00040839,0.24971272026742478,0,Low Priority
AMK-00031514,0.5023952693502393,1,Medium Priority
AMK-00041921,0.46708322230403876,0,Medium Priority
AMK-00005368,0.5765875073400928,1,Medium Priority
AMK-00049542,0.6015463760915699,1,Medium Priority
AMK-00013127,0.25174843539299624,0,Low Priority
AMK-00028241,0.30838453875472877,0,Medium Priority
AMK-00014738,0.42490255000674415,0,Medium Priority
AMK-00019859,0.2213865882834029,0,Low Priority
AMK-00000040,0.6164058205227686,1,Medium Priority
AMK-00055133,0.660795279048541,1,Medium Priority
AMK-00026057,0.2870795553796023,0,Low Priority
AMK-00048363,0.5948575398393232,1,Medium Priority
AMK-00004129,0.14331024781988436,0,Low Priority
AMK-00062891,0.1406684546198062,0,Low Priority
AMK-00060232,0.6512461669416292,1,Medium Priority
AMK-00042184,0.3981086216634587,0,Medium Priority
AMK-00035487,0.3790447843136795,0,Medium Priority
AMK-00020904,0.5878972542853159,1,Medium Priority
AMK-00040575,0.40543677323266997,0,Medium Priority
AMK-00041357,0.6645060669832517,1,Medium Priority
AMK-00006205,0.5633132483709603,1,Medium Priority
AMK-00042129,0.3473505408826841,0,Medium Priority
AMK-00036859,0.6279972677551054,1,Medium Priority
AMK-00057613,0.6402786496129885,1,Medium Priority
AMK-00051315,0.28317177038978725,0,Low Priority
AMK-00010997,0.5326390775093253,1,Medium Priority
AMK-00021136,0.6133645684710415,1,Medium Priority
AMK-00056577,0.5365357916474504,1,Medium Priority
AMK-00023251,0.4898308814407366,0,Medium Priority
AMK-00023311,0.5300685496522793,1,Medium Priority
AMK-00046451,0.3609705037842556,0,Medium Priority
AMK-00051282,0.7393609202193165,1,High Priority
AMK-00034787,0.4287938646107153,0,Medium Priority
AMK-00060259,0.4026245546333028,0,Medium Priority
AMK-00033240,0.5125745971656325,1,Medium Priority
AMK-00060499,0.5279938559385848,1,Medium Priority
AMK-00036779,0.6622782342927559,1,Medium Priority
AMK-00039947,0.5453898138073286,1,Medium Priority
AMK-00033582,0.5387713818333828,1,Medium Priority
AMK-00019410,0.5851840653251115,1,Medium Priority
AMK-00031543,0.6208947850252327,1,Medium Priority
AMK-00047325,0.30126310680682694,0,Medium Priority
AMK-00035260,0.5146795693297703,1,Medium Priority
AMK-00057619,0.3954935618176557,0,Medium Priority
AMK-00026311,0.32690856754369674,0,Medium Priority
AMK-00026429,0.3696201790620092,0,Medium Priority
AMK-00053757,0.23700145936119207,0,Low Priority
AMK-00032261,0.7036242046037772,1,High Priority
AMK-00027823,0.449262231154853,0,Medium Priority
AMK-00029132,0.3774498181721931,0,Medium Priority
AMK-00018876,0.45230686706056206,0,Medium Priority
AMK-00056314,0.6609128668498796,1,Medium Priority
AMK-00063768,0.35282085050754003,0,Medium Priority
AMK-00050458,0.5832864562743593,1,Medium Priority
AMK-00041059,0.6781531643692643,1,Medium Priority
AMK-00032106,0.5024356317683055,1,Medium Priority
AMK-00028734,0.6481231931222325,1,Medium Priority
AMK-00049414,0.4211209603141336,0,Medium Priority
AMK-00013499,0.4977521738443457,0,Medium Priority
AMK-00027459,0.23917643922282333,0,Low Priority
AMK-00023415,0.22727795646705318,0,Low Priority
AMK-00053681,0.37275161434588217,0,Medium Priority
AMK-00061186,0.5144370712701323,1,Medium Priority
AMK-00020590,0.47133384781746235,0,Medium Priority
AMK-00057701,0.2483286873855615,0,Low Priority
AMK-00044075,0.44618285592391793,0,Medium Priority
AMK-00058056,0.4145859771087634,0,Medium Priority
AMK-00006657,0.35999419799354354,0,Medium Priority
AMK-00062870,0.6470195777425504,1,Medium Priority
AMK-00033931,0.5504708561057008,1,Medium Priority
AMK-00042855,0.46607792182993524,0,Medium Priority
AMK-00057946,0.44653825018161725,0,Medium Priority
AMK-00030622,0.20100213692877464,0,Low Priority
AMK-00051479,0.3294201283059546,0,Medium Priority
AMK-00011211,0.5195677764447596,1,Medium Priority
AMK-00041056,0.45297827916358413,0,Medium Priority
AMK-00005014,0.5137287193671543,1,Medium Priority
AMK-00052155,0.4808624467218233,0,Medium Priority
AMK-00026052,0.530248392967924,1,Medium Priority
AMK-00063760,0.6247242580820667,1,Medium Priority
AMK-00040354,0.5931872753252749,1,Medium Priority
AMK-00017743,0.5851589767006382,1,Medium Priority
AMK-00015178,0.4059527819508667,0,Medium Priority
AMK-00031027,0.6489038309475174,1,Medium Priority
AMK-00041381,0.4690939829772705,0,Medium Priority
AMK-00002248,0.6119716934429148,1,Medium Priority
AMK-00040062,0.6814844517611157,1,Medium Priority
AMK-00006905,0.3847166484923216,0,Medium Priority
AMK-00002759,0.7794515684322058,1,High Priority
AMK-00007680,0.4660945627615425,0,Medium Priority
AMK-00010931,0.44513344939477956,0,Medium Priority
AMK-00037083,0.3701201667969895,0,Medium Priority
AMK-00008902,0.4881312328473119,0,Medium Priority
AMK-00014382,0.44659966422388025,0,Medium Priority
AMK-00061123,0.2492984773077731,0,Low Priority
AMK-00032439,0.5151296866293186,1,Medium Priority
AMK-00056947,0.6187351254938414,1,Medium Priority
AMK-00024361,0.37318661502308187,0,Medium Priority
AMK-00001181,0.3839288975559573,0,Medium Priority
AMK-00051076,0.5924745179226686,1,Medium Priority
AMK-00033721,0.3849886180885777,0,Medium Priority
AMK-00061339,0.6485471223576136,1,Medium Priority
AMK-00011981,0.3936014031263443,0,Medium Priority
AMK-00060021,0.6253307284867767,1,Medium Priority
AMK-00027755,0.6048587730186125,1,Medium Priority
AMK-00056034,0.39573600168946604,0,Medium Priority
AMK-00035712,0.7190836288326489,1,High Priority
AMK-00056553,0.4818632947553032,0,Medium Priority
AMK-00054894,0.39431507743722505,0,Medium Priority
AMK-00040641,0.2873623873081974,0,Low Priority
AMK-00009024,0.3394599752594456,0,Medium Priority
AMK-00013959,0.8979062704704975,1,High Priority
AMK-00031528,0.37812650479756427,0,Medium Priority
AMK-00009982,0.4698135146961344,0,Medium Priority
AMK-00044827,0.37690856723615584,0,Medium Priority
AMK-00002617,0.5226262794391384,1,Medium Priority
AMK-00004213,0.48506507526781656,0,Medium Priority
AMK-00061741,0.5772221705156246,1,Medium Priority
AMK-00042391,0.4198679482302015,0,Medium Priority
AMK-00018608,0.2776963358521929,0,Low Priority
AMK-00057059,0.631041066213668,1,Medium Priority
AMK-00003223,0.6752734375516521,1,Medium Priority
AMK-00050771,0.5862343367080516,1,Medium Priority
AMK-00018642,0.14152456719833864,0,Low Priority
AMK-00013421,0.3565586281711011,0,Medium Priority
AMK-00007882,0.6251815022070616,1,Medium Priority
AMK-00053662,0.7243055385124105,1,High Priority
AMK-00002009,0.758829884644662,1,High Priority
AMK-00006523,0.6238577313095114,1,Medium Priority
AMK-00052799,0.6719774338064278,1,Medium Priority
AMK-00009061,0.27610975396163207,0,Low Priority
AMK-00061189,0.4770371101582696,0,Medium Priority
AMK-00002593,0.5412054999889037,1,Medium Priority
AMK-00000840,0.5554936865371073,1,Medium Priority
AMK-00008781,0.449255441994861,0,Medium Priority
AMK-00052063,0.2462468344474977,0,Low Priority
AMK-00014776,0.6558926225056669,1,Medium Priority
AMK-00012372,0.5230180581007837,1,Medium Priority
AMK-00024923,0.4778088102570086,0,Medium Priority
AMK-00008358,0.6312360941571371,1,Medium Priority
AMK-00058234,0.31488914314959937,0,Medium Priority
AMK-00034919,0.5320775155692633,1,Medium Priority
AMK-00013593,0.39074343788604327,0,Medium Priority
AMK-00024628,0.3288225143149381,0,Medium Priority
AMK-00011142,0.47108493866011536,0,Medium Priority
AMK-00057093,0.778407929303671,1,High Priority
AMK-00014001,0.329436111232862,0,Medium Priority
AMK-00046364,0.5595235182043135,1,Medium Priority
AMK-00014553,0.4288088476822152,0,Medium Priority
AMK-00042995,0.5338875447981718,1,Medium Priority
AMK-00060930,0.44374399564116496,0,Medium Priority
AMK-00017056,0.5104990518035554,1,Medium Priority
AMK-00025401,0.31115280694980596,0,Medium Priority
AMK-00007279,0.605060313106602,1,Medium Priority
AMK-00046013,0.3285644722857541,0,Medium Priority
AMK-00038340,0.7521958380204848,1,High Priority
AMK-00029259,0.17926529933908053,0,Low Priority
AMK-00018859,0.696507082118632,1,Medium Priority
AMK-00054626,0.39254428290104487,0,Medium Priority
AMK-00061618,0.5029437047796882,1,Medium Priority
AMK-00042045,0.4431272024013146,0,Medium Priority
AMK-00001690,0.19499269834006588,0,Low Priority
AMK-00004022,0.637689188004427,1,Medium Priority
AMK-00023977,0.3407908273740537,0,Medium Priority
AMK-00019236,0.7051914827087591,1,High Priority
AMK-00016963,0.3118262117188789,0,Medium Priority
AMK-00005170,0.37693550807939985,0,Medium Priority
AMK-00017656,0.5300649447782827,1,Medium Priority
AMK-00021348,0.5582368115447799,1,Medium Priority
AMK-00032422,0.571711968208349,1,Medium Priority
AMK-00051300,0.37632354494018005,0,Medium Priority
AMK-00051966,0.2650996601841397,0,Low Priority
AMK-00062903,0.3285504402964989,0,Medium Priority
AMK-00059006,0.2247245478340448,0,Low Priority
AMK-00055909,0.22295206632961406,0,Low Priority
AMK-00037944,0.379746409194653,0,Medium Priority
AMK-00046267,0.20049720220140937,0,Low Priority
AMK-00037054,0.5660820364197945,1,Medium Priority
AMK-00023001,0.31630693818246497,0,Medium Priority
AMK-00029798,0.43490547219226744,0,Medium Priority
AMK-00060583,0.699895616652729,1,Medium Priority
AMK-00036489,0.4379911207211464,0,Medium Priority
AMK-00061345,0.4624013364954441,0,Medium Priority
AMK-00047261,0.566606041707174,1,Medium Priority
AMK-00026916,0.5875329097428409,1,Medium Priority
AMK-00060943,0.31133754809351755,0,Medium Priority
AMK-00028826,0.5750688680990222,1,Medium Priority
AMK-00030533,0.4117119220356661,0,Medium Priority
AMK-00047234,0.5289193843365195,1,Medium Priority
AMK-00004231,0.3398986512443888,0,Medium Priority
AMK-00032396,0.7804753260726611,1,High Priority
AMK-00044793,0.2202794465480244,0,Low Priority
AMK-00022090,0.5942070240467253,1,Medium Priority
AMK-00042188,0.5967433904807214,1,Medium Priority
AMK-00011210,0.44898200148995776,0,Medium Priority
AMK-00054274,0.31789723800600905,0,Medium Priority
AMK-00048424,0.5235475957814831,1,Medium Priority
AMK-00012433,0.5966478943802438,1,Medium Priority
AMK-00047167,0.648162677948094,1,Medium Priority
AMK-00021470,0.21800089621142912,0,Low Priority
AMK-00042725,0.12640007694518673,0,Low Priority
AMK-00054150,0.7207520906757683,1,High Priority
AMK-00011620,0.36420912650481757,0,Medium Priority
AMK-00009958,0.6668630442999306,1,Medium Priority
AMK-00063814,0.5409484823736299,1,Medium Priority
AMK-00043432,0.1523216726837147,0,Low Priority
AMK-00047482,0.5355330153964045,1,Medium Priority
AMK-00060266,0.4667409902532489,0,Medium Priority
AMK-00031593,0.29501887169661983,0,Low Priority
AMK-00005228,0.2539849434433639,0,Low Priority
AMK-00030250,0.40524608763627273,0,Medium Priority
AMK-00012415,0.48261757375225234,0,Medium Priority
AMK-00021139,0.46274098752115284,0,Medium Priority
AMK-00033059,0.47034433517168145,0,Medium Priority
AMK-00015984,0.7295276257077239,1,High Priority
AMK-00006634,0.6720595425808237,1,Medium Priority
AMK-00042404,0.4337262809102419,0,Medium Priority
AMK-00041314,0.610317208825167,1,Medium Priority
AMK-00009445,0.29764688096154385,0,Low Priority
AMK-00038485,0.6239057676046831,1,Medium Priority
AMK-00033951,0.597243039510874,1,Medium Priority
AMK-00048133,0.32974431752915095,0,Medium Priority
AMK-00057982,0.4852655459859391,0,Medium Priority
AMK-00003790,0.39719714627430147,0,Medium Priority
AMK-00005254,0.2539166266123682,0,Low Priority
AMK-00002360,0.7526695497890514,1,High Priority
AMK-00005119,0.6241578079199277,1,Medium Priority
AMK-00006492,0.5104406575198225,1,Medium Priority
AMK-00047452,0.7025469653432831,1,High Priority
AMK-00056633,0.4760000090612396,0,Medium Priority
AMK-00004414,0.35215192723690786,0,Medium Priority
AMK-00032171,0.47753045940197414,0,Medium Priority
AMK-00038277,0.3501570424912895,0,Medium Priority
AMK-00009200,0.5116037691974076,1,Medium Priority
AMK-00063716,0.7066217899948507,1,High Priority
AMK-00026355,0.5900883145767296,1,Medium Priority
AMK-00021697,0.38164530460008317,0,Medium Priority
AMK-00023504,0.39242997154588644,0,Medium Priority
AMK-00001867,0.3993436517925562,0,Medium Priority
AMK-00043613,0.48436229964207045,0,Medium Priority
AMK-00049925,0.5896950391710387,1,Medium Priority
AMK-00031852,0.4120673073984523,0,Medium Priority
AMK-00007118,0.31027978496385994,0,Medium Priority
AMK-00038717,0.419603374027934,0,Medium Priority
AMK-00050123,0.44514239980721976,0,Medium Priority
AMK-00054904,0.7477515840315612,1,High Priority
AMK-00043633,0.22517305904508858,0,Low Priority
AMK-00027014,0.44231043370582424,0,Medium Priority
AMK-00010942,0.2921628820470071,0,Low Priority
AMK-00010676,0.5541246351063687,1,Medium Priority
AMK-00058324,0.6878831904478903,1,Medium Priority
AMK-00003941,0.7908086027717843,1,High Priority
AMK-00024302,0.4440531412141498,0,Medium Priority
AMK-00033996,0.47102109374493983,0,Medium Priority
AMK-00062665,0.17543940868385507,0,Low Priority
AMK-00025384,0.6710630333979818,1,Medium Priority
AMK-00056364,0.41687442517420253,0,Medium Priority
AMK-00058734,0.6897424160455186,1,Medium Priority
AMK-00034455,0.5115062209205811,1,Medium Priority
AMK-00011743,0.4464389608796217,0,Medium Priority
AMK-00057876,0.6418589381637908,1,Medium Priority
AMK-00035618,0.36512945215616166,0,Medium Priority
AMK-00054234,0.5122521227800696,1,Medium Priority
AMK-00018143,0.644221358805123,1,Medium Priority
AMK-00045322,0.6888721425602341,1,Medium Priority
AMK-00024868,0.23299159324727453,0,Low Priority
AMK-00062234,0.4835486383687534,0,Medium Priority
AMK-00015108,0.7105811549896965,1,High Priority
AMK-00026004,0.5261238540138021,1,Medium Priority
AMK-00038692,0.7092271856805407,1,High Priority
AMK-00000850,0.6119195742896519,1,Medium Priority
AMK-00034027,0.41825624066734757,0,Medium Priority
AMK-00018428,0.23576511584354373,0,Low Priority
AMK-00003841,0.19316308727547055,0,Low Priority
AMK-00060072,0.4326913253568817,0,Medium Priority
AMK-00043388,0.806350150294607,1,High Priority
AMK-00050626,0.5439910592225019,1,Medium Priority
AMK-00017931,0.40717130350557956,0,Medium Priority
AMK-00062338,0.5170487982551735,1,Medium Priority
AMK-00036935,0.516766823486966,1,Medium Priority
AMK-00029804,0.6037832181342968,1,Medium Priority
AMK-00042648,0.7022548064435603,1,High Priority
AMK-00009023,0.6587690156875792,1,Medium Priority
AMK-00052631,0.7186824425652295,1,High Priority
AMK-00017456,0.2039078928785987,0,Low Priority
AMK-00021394,0.6758660777466873,1,Medium Priority
AMK-00031339,0.3334189708265581,0,Medium Priority
AMK-00054535,0.6377467856491633,1,Medium Priority
AMK-00021255,0.3747517398170762,0,Medium Priority
AMK-00021671,0.3311081146272823,0,Medium Priority
AMK-00033779,0.32313188766316064,0,Medium Priority
AMK-00030665,0.6702259060704636,1,Medium Priority
AMK-00014615,0.35268572331002296,0,Medium Priority
AMK-00057589,0.47477227589897575,0,Medium Priority
AMK-00006498,0.4438999978449882,0,Medium Priority
AMK-00031719,0.5010254682614156,1,Medium Priority
AMK-00052685,0.1999932152783489,0,Low Priority
AMK-00004230,0.610294953550599,1,Medium Priority
AMK-00030801,0.5643024562868794,1,Medium Priority
AMK-00004570,0.30637019149139705,0,Medium Priority
AMK-00059602,0.4857039944130118,0,Medium Priority
AMK-00006112,0.36748395920305893,0,Medium Priority
AMK-00019028,0.6671229106850903,1,Medium Priority
AMK-00049451,0.40091051584089255,0,Medium Priority
AMK-00026080,0.7414772981939195,1,High Priority
AMK-00002516,0.5934273528121364,1,Medium Priority
AMK-00061632,0.5482373445362726,1,Medium Priority
AMK-00005174,0.33663766621452884,0,Medium Priority
AMK-00049906,0.7433453471180373,1,High Priority
AMK-00005090,0.4569709882129643,0,Medium Priority
AMK-00062505,0.7268571267525965,1,High Priority
AMK-00047698,0.6385668017065277,1,Medium Priority
AMK-00009127,0.603053643402356,1,Medium Priority
AMK-00034198,0.15985389786626414,0,Low Priority
AMK-00019259,0.5452597157831557,1,Medium Priority
AMK-00029703,0.47106588527564125,0,Medium Priority
AMK-00039844,0.7924619904076501,1,High Priority
AMK-00044771,0.6315433099779972,1,Medium Priority
AMK-00032634,0.5990418631668688,1,Medium Priority
AMK-00040589,0.20285764501518155,0,Low Priority
AMK-00015573,0.7176623495553238,1,High Priority
AMK-00059701,0.6855453745956975,1,Medium Priority
AMK-00003956,0.6856482328797472,1,Medium Priority
AMK-00038185,0.7281183675188356,1,High Priority
AMK-00025972,0.5730156833007347,1,Medium Priority
AMK-00033835,0.44314008092993057,0,Medium Priority
AMK-00063406,0.46145601984851176,0,Medium Priority
AMK-00057140,0.4089020144457925,0,Medium Priority
AMK-00036996,0.6538782896020364,1,Medium Priority
AMK-00012609,0.5985478044401293,1,Medium Priority
AMK-00002299,0.5110654254800944,1,Medium Priority
AMK-00020703,0.3116279969504433,0,Medium Priority
AMK-00049475,0.3578425247246418,0,Medium Priority
AMK-00022966,0.34883248110204995,0,Medium Priority
AMK-00049255,0.39366682396711244,0,Medium Priority
AMK-00016671,0.5607776673113848,1,Medium Priority
AMK-00051040,0.5304367310367798,1,Medium Priority
AMK-00033753,0.693993943596265,1,Medium Priority
AMK-00024972,0.5600776127044468,1,Medium Priority
AMK-00018555,0.6522742478964866,1,Medium Priority
AMK-00009062,0.5949835507265006,1,Medium Priority
AMK-00029628,0.3429888758706733,0,Medium Priority
AMK-00006876,0.6404111887211468,1,Medium Priority
AMK-00035816,0.6311323422192381,1,Medium Priority
AMK-00018915,0.4307111348107887,0,Medium Priority
AMK-00052742,0.5365979294226859,1,Medium Priority
AMK-00001166,0.5151880075885602,1,Medium Priority
AMK-00034598,0.3380690938119982,0,Medium Priority
AMK-00044085,0.7489486749008959,1,High Priority
AMK-00061043,0.40952199673936446,0,Medium Priority
AMK-00045111,0.36773721316073243,0,Medium Priority
AMK-00028551,0.6580889559431423,1,Medium Priority
AMK-00006176,0.22282517241134656,0,Low Priority
AMK-00029255,0.6979673149234509,1,Medium Priority
AMK-00012267,0.47157306573122565,0,Medium Priority
AMK-00035908,0.3072394195991995,0,Medium Priority
AMK-00052048,0.6031888109426722,1,Medium Priority
AMK-00048608,0.2689738329080149,0,Low Priority
AMK-00027785,0.39550003648826126,0,Medium Priority
AMK-00019141,0.6004798307967433,1,Medium Priority
AMK-00024448,0.600417269333896,1,Medium Priority
AMK-00014312,0.5129002582468141,1,Medium Priority
AMK-00034597,0.5192830258494087,1,Medium Priority
AMK-00002142,0.35815661747894223,0,Medium Priority
AMK-00042009,0.5103802288400554,1,Medium Priority
AMK-00041546,0.4777642399048792,0,Medium Priority
AMK-00010596,0.6751369019723474,1,Medium Priority
AMK-00035537,0.34192194039352586,0,Medium Priority
AMK-00045818,0.7592566983520027,1,High Priority
AMK-00041671,0.7917398061138731,1,High Priority
AMK-00027347,0.4388359710644563,0,Medium Priority
AMK-00036402,0.46322085489006404,0,Medium Priority
AMK-00000485,0.685551119792551,1,Medium Priority
AMK-00025754,0.5323838102397946,1,Medium Priority
AMK-00047384,0.745836099484954,1,High Priority
AMK-00021418,0.2974162072585224,0,Low Priority
AMK-00012982,0.60890841401673,1,Medium Priority
AMK-00020744,0.36682649516029964,0,Medium Priority
AMK-00022071,0.3774892477978199,0,Medium Priority
AMK-00060479,0.5470971255914806,1,Medium Priority
AMK-00024411,0.4922759974138008,0,Medium Priority
AMK-00019000,0.3943525454688594,0,Medium Priority
AMK-00003789,0.3654667793057844,0,Medium Priority
AMK-00018055,0.3868974602236841,0,Medium Priority
AMK-00046756,0.6987284920853584,1,Medium Priority
AMK-00061417,0.6474227385927933,1,Medium Priority
AMK-00045822,0.5625034578367173,1,Medium Priority
AMK-00002680,0.6551149945139879,1,Medium Priority
AMK-00015880,0.23205256221141202,0,Low Priority
AMK-00047601,0.22039567655640943,0,Low Priority
AMK-00049252,0.49327272516808596,0,Medium Priority
AMK-00021680,0.5121926561406959,1,Medium Priority
AMK-00015607,0.2373721339242218,0,Low Priority
AMK-00012363,0.5417587373477041,1,Medium Priority
AMK-00010881,0.6407583973567391,1,Medium Priority
AMK-00052659,0.3623195329295732,0,Medium Priority
AMK-00036106,0.5121009067499976,1,Medium Priority
AMK-00030651,0.5990365306109803,1,Medium Priority
AMK-00053714,0.4956603399514774,0,Medium Priority
AMK-00039822,0.6126047554392405,1,Medium Priority
AMK-00018439,0.5037270184911351,1,Medium Priority
AMK-00018551,0.7714732252012235,1,High Priority
AMK-00017613,0.38746481950010475,0,Medium Priority
AMK-00024630,0.6554653805008497,1,Medium Priority
AMK-00013444,0.6662136802812763,1,Medium Priority
AMK-00029250,0.38208799224285006,0,Medium Priority
AMK-00025985,0.5181669558639488,1,Medium Priority
AMK-00000087,0.5287811112419564,1,Medium Priority
AMK-00018924,0.43728191375895703,0,Medium Priority
AMK-00031257,0.5359781224189211,1,Medium Priority
AMK-00038227,0.565439982567123,1,Medium Priority
AMK-00047952,0.4183526180560281,0,Medium Priority
AMK-00012614,0.366648482768038,0,Medium Priority
AMK-00042894,0.5020591854362647,1,Medium Priority
AMK-00041321,0.4102990807455049,0,Medium Priority
AMK-00033564,0.22776851696010517,0,Low Priority
AMK-00063095,0.5699931884981596,1,Medium Priority
AMK-00062575,0.5242430321547623,1,Medium Priority
AMK-00011014,0.38153164214549506,0,Medium Priority
AMK-00022780,0.22115911708138472,0,Low Priority
AMK-00030979,0.2634906070771495,0,Low Priority
AMK-00040991,0.7277448612566351,1,High Priority
AMK-00018537,0.4829052501430667,0,Medium Priority
AMK-00000213,0.3930289036507881,0,Medium Priority
AMK-00050112,0.3881261667468062,0,Medium Priority
AMK-00043477,0.608195630581794,1,Medium Priority
AMK-00026022,0.6243703666107099,1,Medium Priority
AMK-00010200,0.46317073050948876,0,Medium Priority
AMK-00011494,0.6707793065603198,1,Medium Priority
AMK-00019304,0.7988161832482948,1,High Priority
AMK-00043312,0.568085595651566,1,Medium Priority
AMK-00017572,0.3837877428585057,0,Medium Priority
AMK-00009208,0.585195949188222,1,Medium Priority
AMK-00054869,0.4662523232797297,0,Medium Priority
AMK-00000252,0.7923746455980276,1,High Priority
AMK-00008035,0.41410066883018504,0,Medium Priority
AMK-00041390,0.7976115300090155,1,High Priority
AMK-00000429,0.6667194407936609,1,Medium Priority
AMK-00049512,0.6267522953605772,1,Medium Priority
AMK-00011263,0.3643405353408519,0,Medium Priority
AMK-00022811,0.41561973166908783,0,Medium Priority
AMK-00046998,0.7087106372146439,1,High Priority
AMK-00011814,0.5791725186249285,1,Medium Priority
AMK-00006759,0.5414154582373294,1,Medium Priority
AMK-00063392,0.32504079277720127,0,Medium Priority
AMK-00015898,0.7002465154670379,1,High Priority
AMK-00013942,0.6072752504553016,1,Medium Priority
AMK-00032473,0.6596275516784993,1,Medium Priority
AMK-00021504,0.42987654615965915,0,Medium Priority
AMK-00049566,0.3444665543001634,0,Medium Priority
AMK-00019653,0.3014287981175924,0,Medium Priority
AMK-00050396,0.49685014442996256,0,Medium Priority
AMK-00045053,0.21035442543497795,0,Low Priority
AMK-00010854,0.4294685936705756,0,Medium Priority
AMK-00004033,0.603183943685385,1,Medium Priority
AMK-00055486,0.5903657502144284,1,Medium Priority
AMK-00059735,0.5740177519536639,1,Medium Priority
AMK-00005477,0.36299298307595773,0,Medium Priority
AMK-00027646,0.5684931021843289,1,Medium Priority
AMK-00014431,0.36054453057825936,0,Medium Priority
AMK-00009786,0.22497203856473047,0,Low Priority
AMK-00008778,0.4785487458144618,0,Medium Priority
AMK-00024746,0.4968585951597352,0,Medium Priority
AMK-00057979,0.2167468756455929,0,Low Priority
AMK-00054179,0.5613512740576332,1,Medium Priority
AMK-00014514,0.4420621720828123,0,Medium Priority
AMK-00048810,0.38335114000600196,0,Medium Priority
AMK-00030232,0.505814510821128,1,Medium Priority
AMK-00035862,0.4042479269865076,0,Medium Priority
AMK-00007321,0.5675206323206371,1,Medium Priority
AMK-00028786,0.587269840526796,1,Medium Priority
AMK-00045982,0.4622035480760486,0,Medium Priority
AMK-00004403,0.3933320333862461,0,Medium Priority
AMK-00005315,0.28649305006839326,0,Low Priority
AMK-00044942,0.35621314552134586,0,Medium Priority
AMK-00038021,0.3010651912891127,0,Medium Priority
AMK-00007341,0.1727629276199638,0,Low Priority
AMK-00041947,0.6312838161300258,1,Medium Priority
AMK-00002792,0.3871007111421753,0,Medium Priority
AMK-00037303,0.18388620628514246,0,Low Priority
AMK-00048123,0.2917027346127416,0,Low Priority
AMK-00039281,0.6648957689424987,1,Medium Priority
AMK-00059742,0.5320193413940044,1,Medium Priority
AMK-00005115,0.5981938820658906,1,Medium Priority
AMK-00022412,0.2939556318623984,0,Low Priority
AMK-00013619,0.5939633135876944,1,Medium Priority
AMK-00033105,0.7164439069719467,1,High Priority
AMK-00029189,0.2637644098473003,0,Low Priority
AMK-00017560,0.5824542946017781,1,Medium Priority
AMK-00008122,0.4847354788453453,0,Medium Priority
AMK-00002528,0.5847374813829535,1,Medium Priority
AMK-00011635,0.37388309035182715,0,Medium Priority
AMK-00058822,0.41150083823718836,0,Medium Priority
AMK-00020396,0.43389766455415535,0,Medium Priority
AMK-00054766,0.5528267201860355,1,Medium Priority
AMK-00014145,0.335551518387733,0,Medium Priority
AMK-00012507,0.37915139582322355,0,Medium Priority
AMK-00055565,0.6007167625974054,1,Medium Priority
AMK-00045865,0.3877153972836891,0,Medium Priority
AMK-00042814,0.4680179860017322,0,Medium Priority
AMK-00024826,0.15055315167632863,0,Low Priority
AMK-00045512,0.4919067284667295,0,Medium Priority
AMK-00038605,0.5359416330170992,1,Medium Priority
AMK-00062382,0.6725531058395577,1,Medium Priority
AMK-00003594,0.5516920134350267,1,Medium Priority
AMK-00054571,0.7722701629439972,1,High Priority
AMK-00038855,0.6737311751247455,1,Medium Priority
AMK-00045341,0.6278286824022091,1,Medium Priority
AMK-00015970,0.6266198289101246,1,Medium Priority
AMK-00046056,0.3842805708786748,0,Medium Priority
AMK-00012629,0.6928045344532127,1,Medium Priority
AMK-00033197,0.40823781975984935,0,Medium Priority
AMK-00016531,0.49703511141172674,0,Medium Priority
AMK-00042906,0.65493429365703,1,Medium Priority
AMK-00041526,0.7388656027767616,1,High Priority
AMK-00002542,0.6845672407240948,1,Medium Priority
AMK-00048752,0.2838830862140539,0,Low Priority
AMK-00025634,0.5038993193268856,1,Medium Priority
AMK-00009988,0.521411844312848,1,Medium Priority
AMK-00056332,0.2918687719583624,0,Low Priority
AMK-00036280,0.3662542972084828,0,Medium Priority
AMK-00063785,0.6936450599604187,1,Medium Priority
AMK-00045180,0.5114294440496379,1,Medium Priority
AMK-00028157,0.414124863228897,0,Medium Priority
AMK-00033216,0.543868284433919,1,Medium Priority
AMK-00015599,0.6169199992049936,1,Medium Priority
AMK-00006991,0.5865721343716002,1,Medium Priority
AMK-00025813,0.5812324386352211,1,Medium Priority
AMK-00031998,0.32143280825955617,0,Medium Priority
AMK-00023643,0.5135417936423817,1,Medium Priority
AMK-00011671,0.579202401908804,1,Medium Priority
AMK-00048065,0.4945231937528746,0,Medium Priority
AMK-00031762,0.5512738824013796,1,Medium Priority
AMK-00051912,0.3615614779336318,0,Medium Priority
AMK-00039641,0.39994409215039073,0,Medium Priority
AMK-00028117,0.556726008806468,1,Medium Priority
AMK-00026193,0.20632132349592422,0,Low Priority
AMK-00033422,0.42238412907756534,0,Medium Priority
AMK-00027689,0.31409466001070757,0,Medium Priority
AMK-00056498,0.6888766729620986,1,Medium Priority
AMK-00059888,0.5229565207767485,1,Medium Priority
AMK-00057389,0.38588875941240375,0,Medium Priority
AMK-00062012,0.4152606856015169,0,Medium Priority
AMK-00038731,0.8359358456223183,1,High Priority
AMK-00024885,0.5406463435611166,1,Medium Priority
AMK-00055146,0.29435637770217943,0,Low Priority
AMK-00001787,0.5668762795068383,1,Medium Priority
AMK-00058316,0.3871056034695756,0,Medium Priority
AMK-00027037,0.3325477217024186,0,Medium Priority
AMK-00001609,0.36567212202408567,0,Medium Priority
AMK-00062229,0.3581180241296954,0,Medium Priority
AMK-00003945,0.5292898245247527,1,Medium Priority
AMK-00023785,0.4509844748231533,0,Medium Priority
AMK-00052334,0.42617452188219507,0,Medium Priority
AMK-00043793,0.5153867311786927,1,Medium Priority
AMK-00007268,0.501497292794494,1,Medium Priority
AMK-00061891,0.5025327849870671,1,Medium Priority
AMK-00010841,0.35259166806791314,0,Medium Priority
AMK-00016398,0.3502512143522687,0,Medium Priority
AMK-00062979,0.3502717800269949,0,Medium Priority
AMK-00054546,0.6322339039717298,1,Medium Priority
AMK-00031272,0.5673013351683966,1,Medium Priority
AMK-00004156,0.5087622309579529,1,Medium Priority
AMK-00041172,0.3037460922219302,0,Medium Priority
AMK-00007218,0.27991232016311585,0,Low Priority
AMK-00003157,0.15292954755845778,0,Low Priority
AMK-00031526,0.8138292754230688,1,High Priority
AMK-00050032,0.762707380600311,1,High Priority
AMK-00000278,0.3967756603920816,0,Medium Priority
AMK-00061866,0.49228682978973826,0,Medium Priority
AMK-00005947,0.27091698410667986,0,Low Priority
AMK-00025864,0.36569056399172245,0,Medium Priority
AMK-00038787,0.4773961383636811,0,Medium Priority
AMK-00014812,0.3341624686920096,0,Medium Priority
AMK-00039426,0.48423264388651144,0,Medium Priority
AMK-00060792,0.49585359397555284,0,Medium Priority
AMK-00000262,0.36224335646889094,0,Medium Priority
AMK-00011961,0.5196651419834306,1,Medium Priority
AMK-00020848,0.522619195945966,1,Medium Priority
AMK-00038428,0.48602172170822905,0,Medium Priority
AMK-00027816,0.5163864336722777,1,Medium Priority
AMK-00028525,0.5767048047164356,1,Medium Priority
AMK-00014702,0.34999596130922356,0,Medium Priority
AMK-00020092,0.6636574112912593,1,Medium Priority
AMK-00020934,0.37785940220603176,0,Medium Priority
AMK-00020553,0.6083340730474813,1,Medium Priority
AMK-00042039,0.6531140582893917,1,Medium Priority
AMK-00012448,0.531743349950355,1,Medium Priority
AMK-00033021,0.6105173394804086,1,Medium Priority
AMK-00058254,0.21569530211964968,0,Low Priority
AMK-00026062,0.7112451081051415,1,High Priority
AMK-00043297,0.41529167475927864,0,Medium Priority
AMK-00032128,0.59486047305123,1,Medium Priority
AMK-00000849,0.36492306865184365,0,Medium Priority
AMK-00031581,0.577806532399705,1,Medium Priority
AMK-00057827,0.5468454474343205,1,Medium Priority
AMK-00003565,0.7839187783634223,1,High Priority
AMK-00046680,0.5739910071001527,1,Medium Priority
AMK-00043697,0.8000142142804628,1,High Priority
AMK-00021115,0.646390969113815,1,Medium Priority
AMK-00020500,0.24976431834151303,0,Low Priority
AMK-00023220,0.24799762610671833,0,Low Priority
AMK-00017701,0.5917597149492495,1,Medium Priority
AMK-00036901,0.33947827716765144,0,Medium Priority
AMK-00013070,0.34899690781235765,0,Medium Priority
AMK-00055226,0.45106064616354463,0,Medium Priority
AMK-00018522,0.36258889285839874,0,Medium Priority
AMK-00026981,0.5502766429276215,1,Medium Priority
AMK-00012937,0.5052400516055172,1,Medium Priority
AMK-00030868,0.7472177671013033,1,High Priority
AMK-00063427,0.42699805140113917,0,Medium Priority
AMK-00061551,0.781336980015728,1,High Priority
AMK-00001880,0.45292465394360604,0,Medium Priority
AMK-00036203,0.6195240946834379,1,Medium Priority
AMK-00041097,0.4524605750356282,0,Medium Priority
AMK-00043628,0.3975846378685161,0,Medium Priority
AMK-00049674,0.19811740910339265,0,Low Priority
AMK-00012591,0.5123783377303003,1,Medium Priority
AMK-00057152,0.43916630919080385,0,Medium Priority
AMK-00048476,0.46336576657358003,0,Medium Priority
AMK-00045571,0.4709958795671717,0,Medium Priority
AMK-00055413,0.6850582972220326,1,Medium Priority
AMK-00017846,0.6786402621550338,1,Medium Priority
AMK-00042873,0.47656173923672807,0,Medium Priority
AMK-00033818,0.3366554393604581,0,Medium Priority
AMK-00000370,0.375155618133714,0,Medium Priority
AMK-00058255,0.7058133030817021,1,High Priority
AMK-00010263,0.49992366008785716,0,Medium Priority
AMK-00053922,0.49009575615779766,0,Medium Priority
AMK-00051561,0.3924568859204028,0,Medium Priority
AMK-00019078,0.3766185378816475,0,Medium Priority
AMK-00050281,0.4598612114550652,0,Medium Priority
AMK-00005573,0.6482001697220741,1,Medium Priority
AMK-00035035,0.6092157112918176,1,Medium Priority
AMK-00058589,0.6016713880527337,1,Medium Priority
AMK-00062125,0.6641995303930942,1,Medium Priority
AMK-00060457,0.5608852065418329,1,Medium Priority
AMK-00044060,0.4690065774095277,0,Medium Priority
AMK-00027125,0.4027962239108209,0,Medium Priority
AMK-00012544,0.3076031184652707,0,Medium Priority
AMK-00035539,0.20850670923959422,0,Low Priority
AMK-00035978,0.4606321214768312,0,Medium Priority
AMK-00027027,0.23291315809791635,0,Low Priority
AMK-00010181,0.4437849100512062,0,Medium Priority
AMK-00059044,0.5769678851683828,1,Medium Priority
AMK-00010927,0.5920770073726099,1,Medium Priority
AMK-00052383,0.553662243207622,1,Medium Priority
AMK-00010325,0.3431822896030012,0,Medium Priority
AMK-00035034,0.49486340561797326,0,Medium Priority
AMK-00022562,0.4775347129751068,0,Medium Priority
AMK-00014075,0.7159957864887635,1,High Priority
AMK-00011772,0.49977703041531407,0,Medium Priority
AMK-00033790,0.33864725963044734,0,Medium Priority
AMK-00050460,0.28467869493600506,0,Low Priority
AMK-00055966,0.3528241753884268,0,Medium Priority
AMK-00015292,0.27318879790494177,0,Low Priority
AMK-00029184,0.7632766328672408,1,High Priority
AMK-00005842,0.7677662414856141,1,High Priority
AMK-00026660,0.4408399213533623,0,Medium Priority
AMK-00041209,0.2687329419052803,0,Low Priority
AMK-00009688,0.224334552265817,0,Low Priority
AMK-00007706,0.34938972752519654,0,Medium Priority
AMK-00012729,0.23145931588935256,0,Low Priority
AMK-00063492,0.5210491095974199,1,Medium Priority
AMK-00030519,0.44961543976724183,0,Medium Priority
AMK-00052984,0.4675121061195737,0,Medium Priority
AMK-00010075,0.25958655107059075,0,Low Priority
AMK-00011754,0.3543323229035189,0,Medium Priority
AMK-00029054,0.6091425964878567,1,Medium Priority
AMK-00032220,0.5464618631145617,1,Medium Priority
AMK-00049315,0.536027514127691,1,Medium Priority
AMK-00038885,0.55244185482749,1,Medium Priority
AMK-00009094,0.3522457442072349,0,Medium Priority
AMK-00044841,0.5434244587262375,1,Medium Priority
AMK-00010611,0.4203470927305573,0,Medium Priority
AMK-00001183,0.6719445468780574,1,Medium Priority
AMK-00005673,0.4489491177515394,0,Medium Priority
AMK-00037567,0.6397823736328517,1,Medium Priority
AMK-00013248,0.32057765765719287,0,Medium Priority
AMK-00012521,0.17863797468430362,0,Low Priority
AMK-00006927,0.2499989440669665,0,Low Priority
AMK-00014223,0.274193540712938,0,Low Priority
AMK-00021280,0.5285084909578387,1,Medium Priority
AMK-00049958,0.33519919563686723,0,Medium Priority
AMK-00017462,0.49607979301933214,0,Medium Priority
AMK-00014093,0.4139163458815068,0,Medium Priority
AMK-00002778,0.2673020118909652,0,Low Priority
AMK-00005326,0.4942000292128917,0,Medium Priority
AMK-00045011,0.6105168502960574,1,Medium Priority
AMK-00029529,0.2646483210819315,0,Low Priority
AMK-00048717,0.8316278746800426,1,High Priority
AMK-00013586,0.39058160214107185,0,Medium Priority
AMK-00014774,0.3227625746102135,0,Medium Priority
AMK-00026188,0.4586237965998154,0,Medium Priority
AMK-00049790,0.5195215750195451,1,Medium Priority
AMK-00057232,0.6344562214970451,1,Medium Priority
AMK-00059351,0.416605587869416,0,Medium Priority
AMK-00062718,0.4245826325968433,0,Medium Priority
AMK-00022476,0.3810113178387217,0,Medium Priority
AMK-00039862,0.37962209101055877,0,Medium Priority
AMK-00054825,0.26719093885644335,0,Low Priority
AMK-00055457,0.6370059366895764,1,Medium Priority
AMK-00001323,0.40641963366249834,0,Medium Priority
AMK-00036699,0.7190341789944211,1,High Priority
AMK-00038580,0.32211025051345976,0,Medium Priority
AMK-00009938,0.3839095263410755,0,Medium Priority
AMK-00058513,0.3358499814369799,0,Medium Priority
AMK-00013656,0.24573639909410971,0,Low Priority
AMK-00005733,0.6486204736346685,1,Medium Priority
AMK-00032867,0.6779184139299784,1,Medium Priority
AMK-00025301,0.25694382868437504,0,Low Priority
AMK-00020377,0.3489170735310968,0,Medium Priority
AMK-00003243,0.5747150437319758,1,Medium Priority
AMK-00018108,0.3042747010907993,0,Medium Priority
AMK-00059596,0.6983796643656572,1,Medium Priority
AMK-00045185,0.8070132376141095,1,High Priority
AMK-00046757,0.38503030910323693,0,Medium Priority
AMK-00006725,0.7165941187402596,1,High Priority
AMK-00028382,0.7622711616213217,1,High Priority
AMK-00056212,0.5448780947938254,1,Medium Priority
AMK-00002575,0.42761854021521434,0,Medium Priority
AMK-00009933,0.6120107277239104,1,Medium Priority
AMK-00020169,0.7922917401413789,1,High Priority
AMK-00003137,0.5523655907632554,1,Medium Priority
AMK-00028322,0.5360688639981713,1,Medium Priority
AMK-00009021,0.45430425807145786,0,Medium Priority
AMK-00009614,0.5957873190148474,1,Medium Priority
AMK-00018188,0.48340919742920596,0,Medium Priority
AMK-00042473,0.2704769651736349,0,Low Priority
AMK-00053750,0.5082537867253781,1,Medium Priority
AMK-00048706,0.4159705975521254,0,Medium Priority
AMK-00017645,0.577782918373473,1,Medium Priority
AMK-00004789,0.24399154054152947,0,Low Priority
AMK-00054839,0.4626565027319176,0,Medium Priority
AMK-00029391,0.41097206143378234,0,Medium Priority
AMK-00062135,0.8258405917488505,1,High Priority
AMK-00038753,0.378689376545123,0,Medium Priority
AMK-00026523,0.49410402107264056,0,Medium Priority
AMK-00003438,0.5303587723644271,1,Medium Priority
AMK-00030939,0.4000808206457512,0,Medium Priority
AMK-00061964,0.21359361672703145,0,Low Priority
AMK-00040716,0.4544391432075219,0,Medium Priority
AMK-00018216,0.5813748893780459,1,Medium Priority
AMK-00033390,0.5886152657341204,1,Medium Priority
AMK-00050398,0.5926342955435676,1,Medium Priority
AMK-00043842,0.4412545194521876,0,Medium Priority
AMK-00028009,0.6620533906537143,1,Medium Priority
AMK-00033270,0.6955100461454268,1,Medium Priority
AMK-00049573,0.5203283382453983,1,Medium Priority
AMK-00018079,0.5603566276776818,1,Medium Priority
AMK-00011643,0.653530770667973,1,Medium Priority
AMK-00051239,0.2232821837952618,0,Low Priority
AMK-00039784,0.34317226809115864,0,Medium Priority
AMK-00036606,0.5040800212240291,1,Medium Priority
AMK-00015190,0.5618322468458794,1,Medium Priority
AMK-00037655,0.5886412381496713,1,Medium Priority
AMK-00049125,0.2988056822605441,0,Low Priority
AMK-00041982,0.6579008040124703,1,Medium Priority
AMK-00020871,0.4415096251537937,0,Medium Priority
AMK-00034718,0.4809296572498082,0,Medium Priority
AMK-00011525,0.4356159025449973,0,Medium Priority
AMK-00045063,0.4198857980922626,0,Medium Priority
AMK-00034374,0.605628954860532,1,Medium Priority
AMK-00014277,0.580646231411667,1,Medium Priority
AMK-00056147,0.42973390093922287,0,Medium Priority
AMK-00005568,0.38213984257698963,0,Medium Priority
AMK-00014039,0.28249949637699584,0,Low Priority
AMK-00012759,0.30053603361952935,0,Medium Priority
AMK-00049420,0.25697272088585554,0,Low Priority
AMK-00028170,0.38290075393553935,0,Medium Priority
AMK-00003121,0.3596229882280337,0,Medium Priority
AMK-00028357,0.3164871134313342,0,Medium Priority
AMK-00063404,0.6292877973269435,1,Medium Priority
AMK-00049853,0.45996553800010964,0,Medium Priority
AMK-00010685,0.4971671066125198,0,Medium Priority
AMK-00042068,0.5700695958485371,1,Medium Priority
AMK-00021000,0.6845646320457675,1,Medium Priority
AMK-00037113,0.5683176245730158,1,Medium Priority
AMK-00010654,0.29785414765720003,0,Low Priority
AMK-00049316,0.24948779360973747,0,Low Priority
AMK-00049016,0.4159749302329611,0,Medium Priority
AMK-00018671,0.3423562856036359,0,Medium Priority
AMK-00005658,0.40606785407988016,0,Medium Priority
AMK-00025354,0.3451252382571809,0,Medium Priority
AMK-00044973,0.43461903823277825,0,Medium Priority
AMK-00013565,0.4973941046302308,0,Medium Priority
AMK-00009481,0.2904415779604975,0,Low Priority
AMK-00063592,0.4622481756069431,0,Medium Priority
AMK-00016813,0.33141570437211443,0,Medium Priority
AMK-00022014,0.35722089452175015,0,Medium Priority
AMK-00053926,0.47926981010551467,0,Medium Priority
AMK-00012002,0.5143930401188078,1,Medium Priority
AMK-00055414,0.6187139550317258,1,Medium Priority
AMK-00054019,0.6196203086110064,1,Medium Priority
AMK-00039725,0.5740433376349559,1,Medium Priority
AMK-00055693,0.7394219818492395,1,High Priority
AMK-00012067,0.3912288051945311,0,Medium Priority
AMK-00008714,0.4260210438912804,0,Medium Priority
AMK-00037588,0.547961942060621,1,Medium Priority
AMK-00055560,0.4102957192590682,0,Medium Priority
AMK-00002864,0.2546478522081011,0,Low Priority
AMK-00006180,0.4409788484656408,0,Medium Priority
AMK-00026611,0.5099286492289896,1,Medium Priority
AMK-00018624,0.47642821123912854,0,Medium Priority
AMK-00062563,0.2608834418611139,0,Low Priority
AMK-00038330,0.37371912366074145,0,Medium Priority
AMK-00012404,0.3974609048429865,0,Medium Priority
AMK-00056288,0.2620797903822169,0,Low Priority
AMK-00008452,0.5286419503688665,1,Medium Priority
AMK-00026895,0.2684551059590731,0,Low Priority
AMK-00049499,0.3527841151030466,0,Medium Priority
AMK-00035014,0.564136471331081,1,Medium Priority
AMK-00053957,0.2908374676390667,0,Low Priority
AMK-00035340,0.2819783307564344,0,Low Priority
AMK-00009147,0.4959385922223858,0,Medium Priority
AMK-00037239,0.44884215505192465,0,Medium Priority
AMK-00035554,0.5185743604106358,1,Medium Priority
AMK-00042253,0.5671112440110248,1,Medium Priority
AMK-00012929,0.3077834089059261,0,Medium Priority
AMK-00041967,0.25142083009306504,0,Low Priority
AMK-00030938,0.488601486620248,0,Medium Priority
AMK-00019224,0.5188546826091145,1,Medium Priority
AMK-00010093,0.3807021674796906,0,Medium Priority
AMK-00021336,0.3856672643592115,0,Medium Priority
AMK-00006527,0.5069374426051106,1,Medium Priority
AMK-00040194,0.7686299638679748,1,High Priority
AMK-00008915,0.5286717036279681,1,Medium Priority
AMK-00014883,0.525706400036874,1,Medium Priority
AMK-00024179,0.3291617706849643,0,Medium Priority
AMK-00024445,0.47928641511483416,0,Medium Priority
AMK-00047605,0.8247313021195737,1,High Priority
AMK-00059591,0.3836796957392007,0,Medium Priority
AMK-00028106,0.31719429827192885,0,Medium Priority
AMK-00015745,0.5661517695306543,1,Medium Priority
AMK-00001639,0.2641574676597542,0,Low Priority
AMK-00024305,0.5100852419825205,1,Medium Priority
AMK-00055348,0.5566928311393204,1,Medium Priority
AMK-00058728,0.45231488662565555,0,Medium Priority
AMK-00026048,0.5006353357606519,1,Medium Priority
AMK-00063825,0.2995987379732352,0,Low Priority
AMK-00063064,0.5227989915344528,1,Medium Priority
AMK-00018477,0.629420257710429,1,Medium Priority
AMK-00013083,0.3644810171366651,0,Medium Priority
AMK-00049612,0.5869720169668267,1,Medium Priority
AMK-00055986,0.44915594060614006,0,Medium Priority
AMK-00010030,0.27919415843331896,0,Low Priority
AMK-00046536,0.19415962829423206,0,Low Priority
AMK-00012320,0.5824815093306271,1,Medium Priority
AMK-00009890,0.6678120481737391,1,Medium Priority
AMK-00039670,0.5990737777902381,1,Medium Priority
AMK-00027814,0.43122869997163016,0,Medium Priority
AMK-00015500,0.5110353874104804,1,Medium Priority
AMK-00021838,0.5455456857414837,1,Medium Priority
AMK-00001478,0.6487119697684721,1,Medium Priority
AMK-00028828,0.2712481038308079,0,Low Priority
AMK-00043182,0.6013605280507663,1,Medium Priority
AMK-00042948,0.4146717922702557,0,Medium Priority
AMK-00051267,0.6446094219529243,1,Medium Priority
AMK-00041713,0.6102978421451462,1,Medium Priority
AMK-00050853,0.7789971211336397,1,High Priority
AMK-00050709,0.48903149515783184,0,Medium Priority
AMK-00029597,0.43081572850905925,0,Medium Priority
AMK-00051092,0.6321397112555727,1,Medium Priority
AMK-00060677,0.599394201192228,1,Medium Priority
AMK-00001004,0.3860154582839726,0,Medium Priority
AMK-00029004,0.21842850460019353,0,Low Priority
AMK-00007570,0.53109316380481,1,Medium Priority
AMK-00054731,0.49667902605684583,0,Medium Priority
AMK-00014062,0.7485469767385039,1,High Priority
AMK-00041273,0.7938216026540312,1,High Priority
AMK-00046420,0.0867241221529963,0,Low Priority
AMK-00058789,0.5536656749454859,1,Medium Priority
AMK-00014098,0.668840453231826,1,Medium Priority
AMK-00033057,0.4134805408158751,0,Medium Priority
AMK-00053023,0.26548677359863737,0,Low Priority
AMK-00061581,0.40713789313155946,0,Medium Priority
AMK-00048395,0.3063836706050057,0,Medium Priority
AMK-00033239,0.6144747735035324,1,Medium Priority
AMK-00013397,0.36417623191682186,0,Medium Priority
AMK-00061701,0.7408491720439423,1,High Priority
AMK-00038482,0.2762313301587316,0,Low Priority
AMK-00028818,0.5299969521794512,1,Medium Priority
AMK-00004265,0.7018438251509189,1,High Priority
AMK-00021871,0.416519918406898,0,Medium Priority
AMK-00009285,0.4267882070511877,0,Medium Priority
AMK-00013364,0.47494567114217523,0,Medium Priority
AMK-00046066,0.2424972104920927,0,Low Priority
AMK-00049337,0.519547965507058,1,Medium Priority
AMK-00052490,0.603740441875628,1,Medium Priority
AMK-00051305,0.7990206021283799,1,High Priority
AMK-00038864,0.2141404192983249,0,Low Priority
AMK-00025914,0.5843314327989007,1,Medium Priority
AMK-00035255,0.2469381457279548,0,Low Priority
AMK-00060034,0.49345588543835334,0,Medium Priority
AMK-00009352,0.25245322067502685,0,Low Priority
AMK-00026582,0.36881380985225876,0,Medium Priority
AMK-00058891,0.4287841031132344,0,Medium Priority
AMK-00037659,0.842238658297894,1,High Priority
AMK-00037737,0.4725907298489489,0,Medium Priority
AMK-00053652,0.4671860888175659,0,Medium Priority
AMK-00055154,0.4084376365301414,0,Medium Priority
AMK-00012595,0.3628990304996291,0,Medium Priority
AMK-00036647,0.45128687758784103,0,Medium Priority
AMK-00043439,0.3773773140783196,0,Medium Priority
AMK-00044616,0.7930790923627641,1,High Priority
AMK-00060291,0.2850396551915969,0,Low Priority
AMK-00001098,0.29843997012259915,0,Low Priority
AMK-00051298,0.6531002349152353,1,Medium Priority
AMK-00025874,0.40581262376963284,0,Medium Priority
AMK-00041885,0.5363971739460878,1,Medium Priority
AMK-00009283,0.44151393070064904,0,Medium Priority
AMK-00048471,0.6288141532902016,1,Medium Priority
AMK-00033588,0.45329024754967345,0,Medium Priority
AMK-00008469,0.664221035763657,1,Medium Priority
AMK-00040756,0.6220515041903779,1,Medium Priority
AMK-00032961,0.6461192129691501,1,Medium Priority
AMK-00042614,0.3116114323436586,0,Medium Priority
AMK-00042072,0.6957532227550692,1,Medium Priority
AMK-00053034,0.3579671990087187,0,Medium Priority
AMK-00030990,0.514324616884649,1,Medium Priority
AMK-00044382,0.7253898543243342,1,High Priority
AMK-00062630,0.4435996551344742,0,Medium Priority
AMK-00056978,0.48771843546581306,0,Medium Priority
AMK-00036566,0.39893592304627207,0,Medium Priority
AMK-00055018,0.6593290577711829,1,Medium Priority
AMK-00028049,0.4156810476334254,0,Medium Priority
AMK-00054404,0.500630770622607,1,Medium Priority
AMK-00033852,0.4919282919198269,0,Medium Priority
AMK-00056937,0.4349807458987561,0,Medium Priority
AMK-00001585,0.6883096612119737,1,Medium Priority
AMK-00057358,0.294761756855251,0,Low Priority
AMK-00045248,0.8332865405522357,1,High Priority
AMK-00008446,0.33658655201304627,0,Medium Priority
AMK-00032583,0.43522972052167463,0,Medium Priority
AMK-00025019,0.701665425774021,1,High Priority
AMK-00016098,0.23207492886746223,0,Low Priority
AMK-00013474,0.6685488132017561,1,Medium Priority
AMK-00004173,0.7088953929416931,1,High Priority
AMK-00006484,0.30426478846280086,0,Medium Priority
AMK-00003009,0.481845087583832,0,Medium Priority
AMK-00063211,0.4068883279728895,0,Medium Priority
AMK-00004569,0.31549079998943685,0,Medium Priority
AMK-00057657,0.6946198785993043,1,Medium Priority
AMK-00024246,0.8252792307314126,1,High Priority
AMK-00058711,0.5255487739585185,1,Medium Priority
AMK-00059934,0.6575540431635475,1,Medium Priority
AMK-00028126,0.5419131474943784,1,Medium Priority
AMK-00006624,0.47389786832878755,0,Medium Priority
AMK-00020215,0.5568024753954821,1,Medium Priority
AMK-00004581,0.5516239351986394,1,Medium Priority
AMK-00014698,0.30809650345213413,0,Medium Priority
AMK-00005778,0.5728592636771307,1,Medium Priority
AMK-00007452,0.49934984349460027,0,Medium Priority
AMK-00028954,0.6637871809036805,1,Medium Priority
AMK-00031403,0.385047699156098,0,Medium Priority
AMK-00031371,0.29342392425949376,0,Low Priority
AMK-00026107,0.3408534334096391,0,Medium Priority
AMK-00040808,0.5169591627662103,1,Medium Priority
AMK-00026758,0.47944365055567867,0,Medium Priority
AMK-00042791,0.43538170200660364,0,Medium Priority
AMK-00061040,0.3502266136344107,0,Medium Priority
AMK-00056435,0.5298614279600141,1,Medium Priority
AMK-00061074,0.5362290331443681,1,Medium Priority
AMK-00015987,0.2644825779339586,0,Low Priority
AMK-00002886,0.4464037627406253,0,Medium Priority
AMK-00053959,0.6347116242017188,1,Medium Priority
AMK-00061808,0.42235438115338947,0,Medium Priority
AMK-00061752,0.1693749922716465,0,Low Priority
AMK-00004936,0.5362460977158819,1,Medium Priority
AMK-00002781,0.692362549373605,1,Medium Priority
AMK-00059200,0.6019815385271057,1,Medium Priority
AMK-00028749,0.6493821914427034,1,Medium Priority
AMK-00053667,0.5864193611510765,1,Medium Priority
AMK-00047507,0.571371815550821,1,Medium Priority
AMK-00002529,0.6221206302918169,1,Medium Priority
AMK-00041481,0.1628509751115993,0,Low Priority
AMK-00015962,0.38289389234887206,0,Medium Priority
AMK-00002631,0.7647405135250901,1,High Priority
AMK-00062764,0.6004011988183129,1,Medium Priority
AMK-00020076,0.510209463900107,1,Medium Priority
AMK-00002868,0.5128121688124566,1,Medium Priority
AMK-00060788,0.8381523297274881,1,High Priority
AMK-00032815,0.5959051143817257,1,Medium Priority
AMK-00023894,0.5924296222198253,1,Medium Priority
AMK-00046702,0.2121092302709911,0,Low Priority
AMK-00034194,0.36306651140193846,0,Medium Priority
AMK-00012571,0.642564041736398,1,Medium Priority
AMK-00004365,0.7680606912713912,1,High Priority
AMK-00017038,0.6280775735803668,1,Medium Priority
AMK-00055631,0.5694660352995597,1,Medium Priority
AMK-00025919,0.48254187553438455,0,Medium Priority
AMK-00033085,0.34563451210510343,0,Medium Priority
AMK-00047349,0.3999840137022497,0,Medium Priority
AMK-00033014,0.29952997443560714,0,Low Priority
AMK-00038497,0.5037195344025598,1,Medium Priority
AMK-00025304,0.6493084172322191,1,Medium Priority
AMK-00059877,0.4505564580076886,0,Medium Priority
AMK-00036847,0.3735513177141773,0,Medium Priority
AMK-00055642,0.5037072348588542,1,Medium Priority
AMK-00045946,0.44851827847449915,0,Medium Priority
AMK-00061249,0.2995413137898427,0,Low Priority
AMK-00034583,0.7007189322049614,1,High Priority
AMK-00010609,0.7554893126569833,1,High Priority
AMK-00044268,0.7116146906262711,1,High Priority
AMK-00025232,0.3804562987393045,0,Medium Priority
AMK-00047978,0.2524791544474201,0,Low Priority
AMK-00023273,0.3993090443980455,0,Medium Priority
AMK-00019535,0.739493294584559,1,High Priority
AMK-00034497,0.6257320189344849,1,Medium Priority
AMK-00010408,0.5450205403540831,1,Medium Priority
AMK-00023973,0.6652336101648333,1,Medium Priority
AMK-00055671,0.4042313535831836,0,Medium Priority
AMK-00040000,0.2366851473443367,0,Low Priority
AMK-00031348,0.34186494836182635,0,Medium Priority
AMK-00034200,0.6562100506335188,1,Medium Priority
AMK-00027505,0.37500989079163916,0,Medium Priority
AMK-00034145,0.6624609256471691,1,Medium Priority
AMK-00033696,0.3921610212165694,0,Medium Priority
AMK-00060538,0.646117012351698,1,Medium Priority
AMK-00032076,0.40245453596322234,0,Medium Priority
AMK-00031197,0.7519512737899814,1,High Priority
AMK-00059295,0.23803963048469023,0,Low Priority
AMK-00048434,0.5694525171395028,1,Medium Priority
AMK-00038942,0.41620914071217874,0,Medium Priority
AMK-00021477,0.46480262186748555,0,Medium Priority
AMK-00048783,0.5703499782490101,1,Medium Priority
AMK-00042546,0.24005617764230197,0,Low Priority
AMK-00056285,0.24652547717077855,0,Low Priority
AMK-00059884,0.45064313453926386,0,Medium Priority
AMK-00058222,0.6247710436114526,1,Medium Priority
AMK-00004879,0.43684551213614675,0,Medium Priority
AMK-00050445,0.33613148116566244,0,Medium Priority
AMK-00037660,0.48630118825544605,0,Medium Priority
AMK-00045489,0.6214061407732946,1,Medium Priority
AMK-00023746,0.3176466157193116,0,Medium Priority
AMK-00034381,0.32510752229354767,0,Medium Priority
AMK-00027089,0.7413248450848708,1,High Priority
AMK-00049036,0.504790644001377,1,Medium Priority
AMK-00008207,0.6918471583709189,1,Medium Priority
AMK-00023321,0.5577975810262614,1,Medium Priority
AMK-00044856,0.6161290917462704,1,Medium Priority
AMK-00010431,0.342496514037842,0,Medium Priority
AMK-00030556,0.7356148764384102,1,High Priority
AMK-00006062,0.5908639760341888,1,Medium Priority
AMK-00043677,0.4040862430119025,0,Medium Priority
AMK-00016619,0.4217903251612721,0,Medium Priority
AMK-00039382,0.5064479416718726,1,Medium Priority
AMK-00006668,0.4100157632729739,0,Medium Priority
AMK-00020724,0.3933656064325193,0,Medium Priority
AMK-00009635,0.2416850512924215,0,Low Priority
AMK-00013771,0.5187393306301461,1,Medium Priority
AMK-00033507,0.6616501382925613,1,Medium Priority
AMK-00013268,0.7722578886288307,1,High Priority
AMK-00041866,0.7006444478410921,1,High Priority
AMK-00039968,0.5205496315782043,1,Medium Priority
AMK-00013076,0.355080146036583,0,Medium Priority
AMK-00003525,0.571156498086478,1,Medium Priority
AMK-00056591,0.4972520489483506,0,Medium Priority
AMK-00040249,0.2905451561649467,0,Low Priority
AMK-00040162,0.684074461994069,1,Medium Priority
AMK-00054909,0.36892620901245676,0,Medium Priority
AMK-00049953,0.265242550329818,0,Low Priority
AMK-00028878,0.2819005636846905,0,Low Priority
AMK-00059060,0.42932644851526713,0,Medium Priority
AMK-00041827,0.6470061037053609,1,Medium Priority
AMK-00047844,0.681158070628534,1,Medium Priority
AMK-00042813,0.41609591682562475,0,Medium Priority
AMK-00057965,0.3716327917860117,0,Medium Priority
AMK-00045363,0.47454479089354956,0,Medium Priority
AMK-00054995,0.5308394994408863,1,Medium Priority
AMK-00052699,0.29888222946931614,0,Low Priority
AMK-00023519,0.8229330875202003,1,High Priority
AMK-00030851,0.3905913210361775,0,Medium Priority
AMK-00059237,0.4880343705352523,0,Medium Priority
AMK-00009732,0.6248827986542956,1,Medium Priority
AMK-00041007,0.5148400864869426,1,Medium Priority
AMK-00022809,0.6384613373042635,1,Medium Priority
AMK-00060195,0.6426548395853614,1,Medium Priority
AMK-00063664,0.2568348036059961,0,Low Priority
AMK-00039738,0.6092784470608639,1,Medium Priority
AMK-00001508,0.5116887454721796,1,Medium Priority
AMK-00054407,0.5924720705748072,1,Medium Priority
AMK-00017872,0.5584926506749774,1,Medium Priority
AMK-00013204,0.2711610527856908,0,Low Priority
AMK-00038959,0.6850742534133883,1,Medium Priority
AMK-00008280,0.7169816179119298,1,High Priority
AMK-00043386,0.6036977366888154,1,Medium Priority
AMK-00006482,0.26789541797241073,0,Low Priority
AMK-00050532,0.5666209320342854,1,Medium Priority
AMK-00055390,0.438108264106416,0,Medium Priority
AMK-00054905,0.3541041864294558,0,Medium Priority
AMK-00055176,0.30918339432125186,0,Medium Priority
AMK-00022038,0.544077418368446,1,Medium Priority
AMK-00047194,0.5010859786521074,1,Medium Priority
AMK-00007726,0.367836690288701,0,Medium Priority
AMK-00061785,0.6749724363785409,1,Medium Priority
AMK-00032866,0.36224380164621645,0,Medium Priority
AMK-00041893,0.3974802683595696,0,Medium Priority
AMK-00026750,0.2407172315247518,0,Low Priority
AMK-00056917,0.6441160724611938,1,Medium Priority
AMK-00011519,0.17056419840266368,0,Low Priority
AMK-00055754,0.21973269940216075,0,Low Priority
AMK-00024569,0.3804145904476263,0,Medium Priority
AMK-00001499,0.33977603003189455,0,Medium Priority
AMK-00055740,0.7891451957916692,1,High Priority
AMK-00028534,0.5851447664595296,1,Medium Priority
AMK-00015001,0.6572940357180574,1,Medium Priority
AMK-00042372,0.35904753514425436,0,Medium Priority
AMK-00055178,0.14976709767072272,0,Low Priority
AMK-00059750,0.2930947569681905,0,Low Priority
AMK-00044980,0.5551456887751347,1,Medium Priority
AMK-00038157,0.6851843413050275,1,Medium Priority
AMK-00034993,0.6957077342214188,1,Medium Priority
AMK-00033984,0.5692424746568182,1,Medium Priority
AMK-00059616,0.4581298808512946,0,Medium Priority
AMK-00007647,0.5306717628157409,1,Medium Priority
AMK-00060373,0.21196160276608247,0,Low Priority
AMK-00000943,0.45027042753271695,0,Medium Priority
AMK-00045950,0.5837361191395162,1,Medium Priority
AMK-00018365,0.21823178263486812,0,Low Priority
AMK-00040272,0.24923458196499182,0,Low Priority
AMK-00030033,0.4734005538431995,0,Medium Priority
AMK-00031867,0.40626509185024745,0,Medium Priority
AMK-00004679,0.446168242017016,0,Medium Priority
AMK-00025254,0.6847590445094145,1,Medium Priority
AMK-00053163,0.5959701970010374,1,Medium Priority
AMK-00028498,0.46885666715418634,0,Medium Priority
AMK-00020281,0.7932907203958445,1,High Priority
AMK-00022978,0.545252191771673,1,Medium Priority
AMK-00032733,0.37570426183359723,0,Medium Priority
AMK-00023176,0.1507357244429534,0,Low Priority
AMK-00048508,0.40135941008214876,0,Medium Priority
AMK-00054602,0.43934023418712237,0,Medium Priority
AMK-00044389,0.5736306598003923,1,Medium Priority
AMK-00024423,0.489480658605363,0,Medium Priority
AMK-00050247,0.41255513704930796,0,Medium Priority
AMK-00052940,0.3961368393766222,0,Medium Priority
AMK-00001464,0.521175614491093,1,Medium Priority
AMK-00003029,0.3896050567486999,0,Medium Priority
AMK-00051352,0.3506981051828518,0,Medium Priority
AMK-00032640,0.3119803108135345,0,Medium Priority
AMK-00003738,0.42372456591091257,0,Medium Priority
AMK-00020008,0.5590946625456554,1,Medium Priority
AMK-00055523,0.670107266671064,1,Medium Priority
AMK-00030552,0.4359402410753878,0,Medium Priority
AMK-00055034,0.3624790638668175,0,Medium Priority
AMK-00039991,0.5133898002305923,1,Medium Priority
AMK-00018315,0.5696365731812978,1,Medium Priority
AMK-00057879,0.5804236834302745,1,Medium Priority
AMK-00009739,0.42093688486163383,0,Medium Priority
AMK-00040236,0.3798810644081737,0,Medium Priority
AMK-00004249,0.7050448338645623,1,High Priority
AMK-00024350,0.32497783019167575,0,Medium Priority
AMK-00036627,0.2334167196291061,0,Low Priority
AMK-00047712,0.5093775646140433,1,Medium Priority
AMK-00028276,0.4827933178040349,0,Medium Priority
AMK-00052809,0.3905271625817882,0,Medium Priority
AMK-00056812,0.585682061052097,1,Medium Priority
AMK-00063254,0.4089031509242419,0,Medium Priority
AMK-00055330,0.5215231349330293,1,Medium Priority
AMK-00025066,0.3102341607680058,0,Medium Priority
AMK-00006516,0.18549343096463172,0,Low Priority
AMK-00030855,0.42801203344325006,0,Medium Priority
AMK-00012558,0.16754311435167857,0,Low Priority
AMK-00021233,0.7734753369486488,1,High Priority
AMK-00001924,0.5445596396776491,1,Medium Priority
AMK-00035074,0.3856714807578696,0,Medium Priority
AMK-00010011,0.21324530468999175,0,Low Priority
AMK-00019525,0.36514483419047844,0,Medium Priority
AMK-00051597,0.4993066318304579,0,Medium Priority
AMK-00031611,0.41019157186314703,0,Medium Priority
AMK-00054438,0.383439671361061,0,Medium Priority
AMK-00049270,0.24901117537373887,0,Low Priority
AMK-00040628,0.31943134426097997,0,Medium Priority
AMK-00049039,0.42980652425213023,0,Medium Priority
AMK-00002450,0.1982707593659012,0,Low Priority
AMK-00024136,0.4150564657449748,0,Medium Priority
AMK-00025642,0.37035125731753066,0,Medium Priority
AMK-00042491,0.6151638840514841,1,Medium Priority
AMK-00042984,0.48638116094353,0,Medium Priority
AMK-00036087,0.657798560633875,1,Medium Priority
AMK-00031061,0.47918881181249057,0,Medium Priority
AMK-00017042,0.5656011537304567,1,Medium Priority
AMK-00002437,0.48536599164257,0,Medium Priority
AMK-00058252,0.4306214116204224,0,Medium Priority
AMK-00046813,0.527203586242262,1,Medium Priority
AMK-00059709,0.3938216908577107,0,Medium Priority
AMK-00048918,0.2715678581697633,0,Low Priority
AMK-00000183,0.5053061614040059,1,Medium Priority
AMK-00031643,0.4048244689671229,0,Medium Priority
AMK-00017096,0.436781847271133,0,Medium Priority
AMK-00027698,0.5111855932326083,1,Medium Priority
AMK-00048386,0.6806295349404783,1,Medium Priority
AMK-00028642,0.5117286118798235,1,Medium Priority
AMK-00018552,0.5767020740568746,1,Medium Priority
AMK-00045325,0.6530278922023448,1,Medium Priority
AMK-00029610,0.511872323675359,1,Medium Priority
AMK-00034453,0.7261121700266928,1,High Priority
AMK-00001558,0.3647062587557607,0,Medium Priority
AMK-00000432,0.4761773664430429,0,Medium Priority
AMK-00053404,0.19962727044410308,0,Low Priority
AMK-00033115,0.49149327659958364,0,Medium Priority
AMK-00059494,0.6911448477307057,1,Medium Priority
AMK-00040486,0.3437273972946214,0,Medium Priority
AMK-00055548,0.3408256708556414,0,Medium Priority
AMK-00011668,0.36861207521371936,0,Medium Priority
AMK-00051982,0.2994699930294027,0,Low Priority
AMK-00047897,0.5182229422269842,1,Medium Priority
AMK-00000470,0.6279992481984344,1,Medium Priority
AMK-00047551,0.47310664161891475,0,Medium Priority
AMK-00041237,0.31703327439474516,0,Medium Priority
AMK-00019887,0.3855974219536941,0,Medium Priority
AMK-00027892,0.3884250633353095,0,Medium Priority
AMK-00011551,0.6186987129365474,1,Medium Priority
AMK-00058769,0.557545795483891,1,Medium Priority
AMK-00041404,0.6828860575551703,1,Medium Priority
AMK-00036399,0.5027366244848149,1,Medium Priority
AMK-00000843,0.7829224852828772,1,High Priority
AMK-00002211,0.5341620843536042,1,Medium Priority
AMK-00025599,0.7098808765009705,1,High Priority
AMK-00011703,0.39199980741218093,0,Medium Priority
AMK-00062295,0.6287193309968572,1,Medium Priority
AMK-00000645,0.6585674622269825,1,Medium Priority
AMK-00015529,0.7371914499173349,1,High Priority
AMK-00005836,0.49305305443195296,0,Medium Priority
AMK-00049992,0.5828955080546353,1,Medium Priority
AMK-00032486,0.4857865292051376,0,Medium Priority
AMK-00037822,0.5325055244559099,1,Medium Priority
AMK-00034363,0.3286093561811077,0,Medium Priority
AMK-00024483,0.808904526073748,1,High Priority
AMK-00003496,0.6506249078023264,1,Medium Priority
AMK-00004465,0.22199434487098194,0,Low Priority
AMK-00060349,0.2827068132028145,0,Low Priority
AMK-00015293,0.30993864549803557,0,Medium Priority
AMK-00062026,0.434791189749233,0,Medium Priority
AMK-00032355,0.4126461870903717,0,Medium Priority
AMK-00018763,0.38883176011916976,0,Medium Priority
AMK-00048492,0.39780838570942473,0,Medium Priority
AMK-00060494,0.4521846484376636,0,Medium Priority
AMK-00062364,0.5421962395396092,1,Medium Priority
AMK-00056674,0.35694077402815977,0,Medium Priority
AMK-00063509,0.20699003136739327,0,Low Priority
AMK-00043115,0.6069657201554899,1,Medium Priority
AMK-00013338,0.7564027983050214,1,High Priority
AMK-00037780,0.5967137903588082,1,Medium Priority
AMK-00058016,0.5974459788493025,1,Medium Priority
AMK-00047411,0.42920848361550845,0,Medium Priority
AMK-00005564,0.42591971405097223,0,Medium Priority
AMK-00032062,0.36990891534745274,0,Medium Priority
AMK-00003462,0.4602797695074187,0,Medium Priority
AMK-00020834,0.5632424071102816,1,Medium Priority
AMK-00021335,0.45719211165034124,0,Medium Priority
AMK-00023469,0.3108343328463836,0,Medium Priority
AMK-00005565,0.6204206780439232,1,Medium Priority
AMK-00001711,0.40209928077632995,0,Medium Priority
AMK-00040128,0.6610599224704331,1,Medium Priority
AMK-00001320,0.6582885323301594,1,Medium Priority
AMK-00063776,0.4939631183790437,0,Medium Priority
AMK-00053949,0.5051235106181399,1,Medium Priority
AMK-00036751,0.3555936454284979,0,Medium Priority
AMK-00059570,0.4441894589384243,0,Medium Priority
AMK-00004624,0.24950924877275898,0,Low Priority
AMK-00021727,0.47586124952164527,0,Medium Priority
AMK-00054724,0.5024499214812097,1,Medium Priority
AMK-00002910,0.35600891636067106,0,Medium Priority
AMK-00015128,0.7074934961345954,1,High Priority
AMK-00015646,0.36618799735190366,0,Medium Priority
AMK-00025662,0.7605344827840933,1,High Priority
AMK-00025681,0.3929463795840493,0,Medium Priority
AMK-00021467,0.5778114833497575,1,Medium Priority
AMK-00051247,0.3918441673102469,0,Medium Priority
AMK-00014970,0.5911069498674201,1,Medium Priority
AMK-00049024,0.5981106081231615,1,Medium Priority
AMK-00019146,0.6338926405905575,1,Medium Priority
AMK-00013743,0.7761666258282159,1,High Priority
AMK-00003616,0.720851579848396,1,High Priority
AMK-00022396,0.27418619567275243,0,Low Priority
AMK-00036780,0.5494807802391373,1,Medium Priority
AMK-00052571,0.611453988433918,1,Medium Priority
AMK-00062837,0.32307091344592914,0,Medium Priority
AMK-00055042,0.2671644215008988,0,Low Priority
AMK-00006987,0.3566326848916574,0,Medium Priority
AMK-00044096,0.25168274095506926,0,Low Priority
AMK-00044796,0.5691386786639487,1,Medium Priority
AMK-00054501,0.6948843368311232,1,Medium Priority
AMK-00046617,0.4043909700448073,0,Medium Priority
AMK-00010804,0.39429615156070924,0,Medium Priority
AMK-00063277,0.7843347644325409,1,High Priority
AMK-00036759,0.3008003634692472,0,Medium Priority
AMK-00059313,0.4754402211994053,0,Medium Priority
AMK-00062566,0.5161819331257923,1,Medium Priority
AMK-00038803,0.5986052871348302,1,Medium Priority
AMK-00057323,0.23287060507916382,0,Low Priority
AMK-00025905,0.49706339279325695,0,Medium Priority
AMK-00015726,0.7119303369893005,1,High Priority
AMK-00062911,0.5736991707659217,1,Medium Priority
AMK-00055156,0.19145179150572442,0,Low Priority
AMK-00058963,0.6934125564611173,1,Medium Priority
AMK-00058554,0.27224751363707145,0,Low Priority
AMK-00032435,0.738518205504998,1,High Priority
AMK-00048829,0.4490962598005276,0,Medium Priority
AMK-00010046,0.43382096763463884,0,Medium Priority
AMK-00012663,0.5429262630399269,1,Medium Priority
AMK-00062334,0.44647868406545377,0,Medium Priority
AMK-00026306,0.18065621863591216,0,Low Priority
AMK-00058355,0.26199750029568636,0,Low Priority
AMK-00026175,0.6305277578235899,1,Medium Priority
AMK-00017180,0.6908487551378902,1,Medium Priority
AMK-00034872,0.5222807246725235,1,Medium Priority
AMK-00014585,0.4288430502900873,0,Medium Priority
AMK-00038694,0.4123187824281866,0,Medium Priority
AMK-00008456,0.584560265449028,1,Medium Priority
AMK-00007129,0.6598052609865335,1,Medium Priority
AMK-00011314,0.5669504353593559,1,Medium Priority
AMK-00062756,0.43905907868190486,0,Medium Priority
AMK-00052071,0.5422665443896619,1,Medium Priority
AMK-00037991,0.5191823917357833,1,Medium Priority
AMK-00054717,0.42423238010054004,0,Medium Priority
AMK-00047491,0.25242449319585003,0,Low Priority
AMK-00050387,0.48938124673195915,0,Medium Priority
AMK-00060895,0.19667105046105496,0,Low Priority
AMK-00055611,0.26108357520131936,0,Low Priority
AMK-00007319,0.6209416244353008,1,Medium Priority
AMK-00006770,0.6025192488357446,1,Medium Priority
AMK-00047451,0.4144759508699436,0,Medium Priority
AMK-00033826,0.31745730807322015,0,Medium Priority
AMK-00025239,0.4570431507125783,0,Medium Priority
AMK-00011994,0.7697979924812676,1,High Priority
AMK-00047422,0.5991353555194137,1,Medium Priority
AMK-00019437,0.5218987243725832,1,Medium Priority
AMK-00061989,0.5682658547800995,1,Medium Priority
AMK-00048975,0.5512980027515584,1,Medium Priority
AMK-00056114,0.6596888824048608,1,Medium Priority
AMK-00007003,0.5410460846041681,1,Medium Priority
AMK-00056342,0.8492211378291088,1,High Priority
AMK-00031868,0.5141999996453634,1,Medium Priority
AMK-00053653,0.6619904421672823,1,Medium Priority
AMK-00008249,0.46582287996345556,0,Medium Priority
AMK-00050588,0.7199431453851061,1,High Priority
AMK-00063719,0.6694811395034564,1,Medium Priority
AMK-00016355,0.4519235477648961,0,Medium Priority
AMK-00046983,0.4104961066138826,0,Medium Priority
AMK-00056120,0.470324815753561,0,Medium Priority
AMK-00018311,0.5474807736091438,1,Medium Priority
AMK-00023358,0.4907010944374274,0,Medium Priority
AMK-00042351,0.3282839140609698,0,Medium Priority
AMK-00001247,0.13065039386535982,0,Low Priority
AMK-00055552,0.29995702825286374,0,Low Priority
AMK-00047714,0.6848978308909901,1,Medium Priority
AMK-00030949,0.7121272408564424,1,High Priority
AMK-00030231,0.41774808328092783,0,Medium Priority
AMK-00001860,0.5232120539674233,1,Medium Priority
AMK-00018776,0.3913129374753443,0,Medium Priority
AMK-00010580,0.6586087506384408,1,Medium Priority
AMK-00008538,0.4226416557358701,0,Medium Priority
AMK-00016915,0.48757040384532163,0,Medium Priority
AMK-00045835,0.3763937659800763,0,Medium Priority
AMK-00031815,0.5741726611289977,1,Medium Priority
AMK-00004130,0.4357568833187906,0,Medium Priority
AMK-00051852,0.36440871310077644,0,Medium Priority
AMK-00041065,0.39027409641988176,0,Medium Priority
AMK-00059013,0.4883364261072724,0,Medium Priority
AMK-00058407,0.49462882297595556,0,Medium Priority
AMK-00051731,0.36124687571964775,0,Medium Priority
AMK-00043654,0.428500060259291,0,Medium Priority
AMK-00054414,0.47287018514325524,0,Medium Priority
AMK-00038199,0.5757613385895561,1,Medium Priority
AMK-00029600,0.45394816995419823,0,Medium Priority
AMK-00035648,0.25472986942606685,0,Low Priority
AMK-00025842,0.3941477066025969,0,Medium Priority
AMK-00019068,0.3829787028460846,0,Medium Priority
AMK-00010860,0.45238198256557205,0,Medium Priority
AMK-00036961,0.5593182376079513,1,Medium Priority
AMK-00005206,0.24768295796212036,0,Low Priority
AMK-00010575,0.5338464695637395,1,Medium Priority
AMK-00018926,0.6263966750183813,1,Medium Priority
AMK-00048540,0.5668366124913937,1,Medium Priority
AMK-00023382,0.4682358298022586,0,Medium Priority
AMK-00029330,0.2496237693849078,0,Low Priority
AMK-00025719,0.34544261553342914,0,Medium Priority
AMK-00020664,0.5552238420880281,1,Medium Priority
AMK-00054720,0.48379819821940695,0,Medium Priority
AMK-00040515,0.5654893779264857,1,Medium Priority
AMK-00003777,0.5343135702364478,1,Medium Priority
AMK-00050323,0.34602656255165665,0,Medium Priority
AMK-00001176,0.5959439598480164,1,Medium Priority
AMK-00059368,0.598651567998473,1,Medium Priority
AMK-00019517,0.4555480770738619,0,Medium Priority
AMK-00045987,0.39080280063986383,0,Medium Priority
AMK-00039801,0.5976344308386141,1,Medium Priority
AMK-00052839,0.3802637310374444,0,Medium Priority
AMK-00062100,0.618015659933993,1,Medium Priority
AMK-00041106,0.6978510496922381,1,Medium Priority
AMK-00052662,0.5591110030690357,1,Medium Priority
AMK-00047711,0.7289843416168073,1,High Priority
AMK-00062316,0.4597271071453529,0,Medium Priority
AMK-00063074,0.35820772598865536,0,Medium Priority
AMK-00004544,0.2939616277146236,0,Low Priority
AMK-00063171,0.4153420849009478,0,Medium Priority
AMK-00004615,0.4203040865010814,0,Medium Priority
AMK-00001555,0.42429604373111046,0,Medium Priority
AMK-00026636,0.44363538166207667,0,Medium Priority
AMK-00010850,0.49476252199935167,0,Medium Priority
AMK-00004977,0.6220121035196369,1,Medium Priority
AMK-00059832,0.431875979405883,0,Medium Priority
AMK-00055721,0.44021441939100636,0,Medium Priority
AMK-00006693,0.3174833570200672,0,Medium Priority
AMK-00053603,0.314445895576423,0,Medium Priority
AMK-00032798,0.8400362756461007,1,High Priority
AMK-00044391,0.5547848414202318,1,Medium Priority
AMK-00017522,0.34279499176063666,0,Medium Priority
AMK-00056264,0.35857351478972915,0,Medium Priority
AMK-00012800,0.5528681849345091,1,Medium Priority
AMK-00059992,0.29150026691317305,0,Low Priority
AMK-00041677,0.4268213987591553,0,Medium Priority
AMK-00057247,0.39195511750032436,0,Medium Priority
AMK-00003426,0.14165677938051727,0,Low Priority
AMK-00043507,0.4417328097591258,0,Medium Priority
AMK-00055376,0.40595247696864706,0,Medium Priority
AMK-00034628,0.539073285791028,1,Medium Priority
AMK-00010173,0.5685135390927266,1,Medium Priority
AMK-00024201,0.4273564228550552,0,Medium Priority
AMK-00014983,0.4541415084328452,0,Medium Priority
AMK-00041212,0.5455135400399966,1,Medium Priority
AMK-00035873,0.23882344798034508,0,Low Priority
AMK-00034533,0.4565819951939573,0,Medium Priority
AMK-00033850,0.42787885213370347,0,Medium Priority
AMK-00056289,0.32258983023102855,0,Medium Priority
AMK-00052041,0.45857333778371023,0,Medium Priority
AMK-00016462,0.33801280447155607,0,Medium Priority
AMK-00058171,0.5110799574953389,1,Medium Priority
AMK-00008242,0.6194849187334154,1,Medium Priority
AMK-00061420,0.6812521250245175,1,Medium Priority
AMK-00029233,0.6058980703618706,1,Medium Priority
AMK-00036923,0.6108434989629207,1,Medium Priority
AMK-00000682,0.38067576110808393,0,Medium Priority
AMK-00032458,0.35452758064412077,0,Medium Priority
AMK-00019315,0.5699022351602179,1,Medium Priority
AMK-00047027,0.3367083017495386,0,Medium Priority
AMK-00028270,0.3783275487494715,0,Medium Priority
AMK-00025627,0.611051827736804,1,Medium Priority
AMK-00062051,0.10647597265495366,0,Low Priority
AMK-00000612,0.5787506853132702,1,Medium Priority
AMK-00012423,0.36378459989319123,0,Medium Priority
AMK-00026790,0.5509728847019555,1,Medium Priority
AMK-00060982,0.6903370058951265,1,Medium Priority
AMK-00001716,0.7062389029385496,1,High Priority
AMK-00005149,0.4583687443187583,0,Medium Priority
AMK-00024099,0.44591105010897636,0,Medium Priority
AMK-00040994,0.6137117938036591,1,Medium Priority
AMK-00052990,0.5167445412130979,1,Medium Priority
AMK-00013540,0.5182458851724905,1,Medium Priority
AMK-00011807,0.48419794511647757,0,Medium Priority
AMK-00053449,0.3164798085507918,0,Medium Priority
AMK-00044005,0.6929976625274316,1,Medium Priority
AMK-00005976,0.5580933092919339,1,Medium Priority
AMK-00010022,0.4004072923329516,0,Medium Priority
AMK-00036157,0.3069016996831943,0,Medium Priority
AMK-00030051,0.5499424979111849,1,Medium Priority
AMK-00004158,0.36522696788461917,0,Medium Priority
AMK-00030457,0.6119836132180391,1,Medium Priority
AMK-00030218,0.2320880962276846,0,Low Priority
AMK-00008490,0.22686063440442603,0,Low Priority
AMK-00023064,0.37741223678900127,0,Medium Priority
AMK-00020658,0.7698325800084416,1,High Priority
AMK-00023452,0.6298318159918783,1,Medium Priority
AMK-00002626,0.7190167677026745,1,High Priority
AMK-00025372,0.42473100888594606,0,Medium Priority
AMK-00062523,0.34032100560857875,0,Medium Priority
AMK-00039367,0.5627519646229686,1,Medium Priority
AMK-00015200,0.6172666479813556,1,Medium Priority
AMK-00023530,0.38901532532684774,0,Medium Priority
AMK-00018755,0.3345750411952815,0,Medium Priority
AMK-00032944,0.4946536245645046,0,Medium Priority
AMK-00013646,0.37173349713334863,0,Medium Priority
AMK-00063319,0.5421104987749018,1,Medium Priority
AMK-00059153,0.3638905716014743,0,Medium Priority
AMK-00062118,0.2967568018194148,0,Low Priority
AMK-00022532,0.22227078250113885,0,Low Priority
AMK-00015945,0.42216764449861754,0,Medium Priority
AMK-00003586,0.5595955949024258,1,Medium Priority
AMK-00044932,0.7752123938150625,1,High Priority
AMK-00038813,0.5452279712618785,1,Medium Priority
AMK-00000986,0.7713052427494675,1,High Priority
AMK-00043525,0.6043769276118526,1,Medium Priority
AMK-00060057,0.6019739933071635,1,Medium Priority
AMK-00027628,0.3789669156297273,0,Medium Priority
AMK-00043273,0.40855088734119277,0,Medium Priority
AMK-00007056,0.17012898565889487,0,Low Priority
AMK-00021702,0.5413464877466392,1,Medium Priority
AMK-00024981,0.3538817710475339,0,Medium Priority
AMK-00056177,0.4019975195970105,0,Medium Priority
AMK-00009247,0.7491784556699058,1,High Priority
AMK-00060814,0.48082427567770347,0,Medium Priority
AMK-00010219,0.5013968061437332,1,Medium Priority
AMK-00033604,0.6578978760072706,1,Medium Priority
AMK-00045631,0.2294853560112688,0,Low Priority
AMK-00041696,0.44060449916723815,0,Medium Priority
AMK-00062985,0.6005887586121146,1,Medium Priority
AMK-00020428,0.472172457594737,0,Medium Priority
AMK-00044383,0.42862722015008786,0,Medium Priority
AMK-00046776,0.35916984054533824,0,Medium Priority
AMK-00043108,0.3075369233584812,0,Medium Priority
AMK-00059908,0.5547591189526827,1,Medium Priority
AMK-00020017,0.26475256588887164,0,Low Priority
AMK-00060651,0.3724671122945072,0,Medium Priority
AMK-00007209,0.5290231830213261,1,Medium Priority
AMK-00050998,0.3468074091809821,0,Medium Priority
AMK-00062580,0.6925153394236483,1,Medium Priority
AMK-00055795,0.66307711073873,1,Medium Priority
AMK-00007569,0.7020212064850014,1,High Priority
AMK-00004169,0.33496912619507324,0,Medium Priority
AMK-00060768,0.38941644529483066,0,Medium Priority
AMK-00000709,0.40336678052610686,0,Medium Priority
AMK-00038644,0.6083130260268245,1,Medium Priority
AMK-00046728,0.21456607886441798,0,Low Priority
AMK-00036712,0.5164756974964775,1,Medium Priority
AMK-00030370,0.637810723342078,1,Medium Priority
AMK-00040938,0.3741990691979397,0,Medium Priority
AMK-00058600,0.21273140284753284,0,Low Priority
AMK-00049960,0.4134317531404668,0,Medium Priority
AMK-00062591,0.5222186481661204,1,Medium Priority
AMK-00012623,0.4255046874689174,0,Medium Priority
AMK-00008297,0.3463034017564247,0,Medium Priority
AMK-00032673,0.39782666967651675,0,Medium Priority
AMK-00046900,0.49467936102463056,0,Medium Priority
AMK-00021596,0.40689656440312577,0,Medium Priority
AMK-00060356,0.5167115973760501,1,Medium Priority
AMK-00051181,0.43261918077618733,0,Medium Priority
AMK-00027817,0.39790951884161546,0,Medium Priority
AMK-00019137,0.29591154134008973,0,Low Priority
AMK-00003232,0.3469518048406726,0,Medium Priority
AMK-00049763,0.792768193077211,1,High Priority
AMK-00036963,0.42956341385216784,0,Medium Priority
AMK-00010564,0.3503019839145642,0,Medium Priority
AMK-00007413,0.28781094900774534,0,Low Priority
AMK-00061771,0.5223999010530714,1,Medium Priority
AMK-00025163,0.542409739642221,1,Medium Priority
AMK-00057077,0.4953386118798035,0,Medium Priority
AMK-00004362,0.6177550153373929,1,Medium Priority
AMK-00036326,0.2947303967281391,0,Low Priority
AMK-00044356,0.6107358805848783,1,Medium Priority
AMK-00043691,0.7677764404770905,1,High Priority
AMK-00058726,0.685348164511817,1,Medium Priority
AMK-00019314,0.6440574526043542,1,Medium Priority
AMK-00044664,0.4695139646078637,0,Medium Priority
AMK-00053958,0.5735310964263216,1,Medium Priority
AMK-00051951,0.2651121304468353,0,Low Priority
AMK-00011349,0.6170070835121996,1,Medium Priority
AMK-00055789,0.37595924274956705,0,Medium Priority
AMK-00038147,0.6296432885141044,1,Medium Priority
AMK-00022306,0.7840787575256349,1,High Priority
AMK-00042362,0.4929345592236903,0,Medium Priority
AMK-00059533,0.3390030535051225,0,Medium Priority
AMK-00042844,0.32754272920209765,0,Medium Priority
AMK-00062084,0.4882193150700314,0,Medium Priority
AMK-00017897,0.385661644421401,0,Medium Priority
AMK-00035029,0.530488987842987,1,Medium Priority
AMK-00046462,0.3159569467433338,0,Medium Priority
AMK-00029437,0.5964814266696602,1,Medium Priority
AMK-00051249,0.33001476066214447,0,Medium Priority
AMK-00003051,0.32885187948699923,0,Medium Priority
AMK-00063251,0.6013543605482524,1,Medium Priority
AMK-00034688,0.3348609354522779,0,Medium Priority
AMK-00055796,0.2550906592150798,0,Low Priority
AMK-00043322,0.7440642901533606,1,High Priority
AMK-00039966,0.3686588558615707,0,Medium Priority
AMK-00059207,0.2868813790899748,0,Low Priority
AMK-00004188,0.4344214334669331,0,Medium Priority
AMK-00058486,0.4000092175938146,0,Medium Priority
AMK-00047527,0.5676096682398039,1,Medium Priority
AMK-00043074,0.5127139163324915,1,Medium Priority
AMK-00046909,0.6701600029617071,1,Medium Priority
AMK-00034389,0.6274351071806101,1,Medium Priority
AMK-00042032,0.5095397743198565,1,Medium Priority
AMK-00032186,0.5555699827469364,1,Medium Priority
AMK-00051900,0.25500347210714835,0,Low Priority
AMK-00033010,0.4630198816870904,0,Medium Priority
AMK-00036676,0.5491956624855953,1,Medium Priority
AMK-00029501,0.6355450820877927,1,Medium Priority
AMK-00016529,0.8159753462497108,1,High Priority
AMK-00042616,0.6299940514393134,1,Medium Priority
AMK-00059434,0.42922808190233247,0,Medium Priority
AMK-00025645,0.568162264305224,1,Medium Priority
AMK-00016583,0.7797569126250682,1,High Priority
AMK-00033410,0.246303359710674,0,Low Priority
AMK-00015852,0.27049056618954626,0,Low Priority
AMK-00058411,0.4247900604581585,0,Medium Priority
AMK-00002102,0.41861888811473247,0,Medium Priority
AMK-00044059,0.3244411081243153,0,Medium Priority
AMK-00040501,0.577740574854033,1,Medium Priority
AMK-00036034,0.353356542308247,0,Medium Priority
AMK-00000730,0.3844480100952512,0,Medium Priority
AMK-00035620,0.7084922146535545,1,High Priority
AMK-00012274,0.4884487762305003,0,Medium Priority
AMK-00056355,0.6171642983902708,1,Medium Priority
AMK-00046394,0.5838963712181406,1,Medium Priority
AMK-00015485,0.32031924466297484,0,Medium Priority
AMK-00058933,0.5894388426875843,1,Medium Priority
AMK-00032553,0.4663307717269632,0,Medium Priority
AMK-00047697,0.6614122242709485,1,Medium Priority
AMK-00019635,0.6711948075816667,1,Medium Priority
AMK-00000613,0.30732490867188667,0,Medium Priority
AMK-00021044,0.6233212114886715,1,Medium Priority
AMK-00043011,0.6245983612587604,1,Medium Priority
AMK-00007891,0.6870494372720682,1,Medium Priority
AMK-00046146,0.4712091906501242,0,Medium Priority
AMK-00049795,0.5943728520883855,1,Medium Priority
AMK-00056957,0.3702789596667234,0,Medium Priority
AMK-00017898,0.3275761533014935,0,Medium Priority
AMK-00038168,0.47493199110853374,0,Medium Priority
AMK-00014665,0.38824042241589285,0,Medium Priority
AMK-00038229,0.3282931096842719,0,Medium Priority
AMK-00039349,0.5881040005814284,1,Medium Priority
AMK-00055248,0.5894287693259371,1,Medium Priority
AMK-00033861,0.5970304448529783,1,Medium Priority
AMK-00040625,0.3189194227143956,0,Medium Priority
AMK-00024607,0.17563408265325234,0,Low Priority
AMK-00020869,0.48132253061172886,0,Medium Priority
AMK-00021563,0.5154115250176678,1,Medium Priority
AMK-00061311,0.6082426040810271,1,Medium Priority
AMK-00061584,0.26670145960814906,0,Low Priority
AMK-00052505,0.6521483371430833,1,Medium Priority
AMK-00004504,0.33557942317209577,0,Medium Priority
AMK-00031016,0.44182306207970273,0,Medium Priority
AMK-00013014,0.5618638669044193,1,Medium Priority
AMK-00010306,0.4284955163780171,0,Medium Priority
AMK-00062987,0.7000974304611375,1,High Priority
AMK-00039141,0.5722256452133948,1,Medium Priority
AMK-00008875,0.24249488893010726,0,Low Priority
AMK-00021133,0.4472976700113709,0,Medium Priority
AMK-00059478,0.6119146448131219,1,Medium Priority
AMK-00032117,0.5830030828697182,1,Medium Priority
AMK-00050719,0.3008294893522288,0,Medium Priority
AMK-00006690,0.44882314603315,0,Medium Priority
AMK-00063782,0.34065114059522383,0,Medium Priority
AMK-00019802,0.38645045780344806,0,Medium Priority
AMK-00015198,0.39590686015461823,0,Medium Priority
AMK-00027531,0.6017750280815032,1,Medium Priority
AMK-00063253,0.3073653727822712,0,Medium Priority
AMK-00061847,0.6457201686772139,1,Medium Priority
AMK-00000445,0.42307138015519213,0,Medium Priority
AMK-00019574,0.35810954929901123,0,Medium Priority
AMK-00049528,0.29086071778406875,0,Low Priority
AMK-00004037,0.6510847007530224,1,Medium Priority
AMK-00046595,0.4918550282472222,0,Medium Priority
AMK-00031050,0.5660490137907596,1,Medium Priority
AMK-00014181,0.3893268482066929,0,Medium Priority
AMK-00012970,0.2376327122095653,0,Low Priority
AMK-00027238,0.5069138121045874,1,Medium Priority
AMK-00059025,0.502489403801303,1,Medium Priority
AMK-00043248,0.6641643915210342,1,Medium Priority
AMK-00034692,0.7885867158016143,1,High Priority
AMK-00058584,0.45919159103868523,0,Medium Priority
AMK-00011097,0.6543268753922843,1,Medium Priority
AMK-00022989,0.6724130595780043,1,Medium Priority
AMK-00040087,0.21842861149791143,0,Low Priority
AMK-00032639,0.3008441639436601,0,Medium Priority
AMK-00052553,0.7685266285982576,1,High Priority
AMK-00042649,0.5223615571403716,1,Medium Priority
AMK-00042805,0.6953842837181721,1,Medium Priority
AMK-00008376,0.24167946684076286,0,Low Priority
AMK-00008441,0.7089562089957481,1,High Priority
AMK-00001881,0.3708970657647705,0,Medium Priority
AMK-00005497,0.5579613351335396,1,Medium Priority
AMK-00045471,0.5016623906721712,1,Medium Priority
AMK-00018880,0.23983507835098947,0,Low Priority
AMK-00048940,0.35404715657024105,0,Medium Priority
AMK-00058146,0.5459513954375349,1,Medium Priority
AMK-00007893,0.5509559458588101,1,Medium Priority
AMK-00059752,0.40958531347464155,0,Medium Priority
AMK-00026113,0.722586613632582,1,High Priority
AMK-00016132,0.3223393028814435,0,Medium Priority
AMK-00032415,0.4457859898567287,0,Medium Priority
AMK-00010630,0.6145451712302649,1,Medium Priority
AMK-00053334,0.3843377521888656,0,Medium Priority
AMK-00012213,0.397731021050089,0,Medium Priority
AMK-00025636,0.5051531009850552,1,Medium Priority
AMK-00060809,0.6301533776469721,1,Medium Priority
AMK-00018766,0.34011112995082654,0,Medium Priority
AMK-00063329,0.6355600691594111,1,Medium Priority
AMK-00061066,0.38413220890780925,0,Medium Priority
AMK-00042453,0.6105452307943888,1,Medium Priority
AMK-00053481,0.5028205303199706,1,Medium Priority
AMK-00027298,0.47331284132633916,0,Medium Priority
AMK-00008743,0.5341581458800775,1,Medium Priority
AMK-00012346,0.369778342381851,0,Medium Priority
AMK-00035245,0.24072753641347586,0,Low Priority
AMK-00049621,0.4511398852072502,0,Medium Priority
AMK-00027551,0.47817949553123845,0,Medium Priority
AMK-00050124,0.5017612131475093,1,Medium Priority
AMK-00033324,0.1776344768087259,0,Low Priority
AMK-00002559,0.3736737839806238,0,Medium Priority
AMK-00000455,0.6184071387475807,1,Medium Priority
AMK-00024034,0.617538274241581,1,Medium Priority
AMK-00002504,0.4336383842779193,0,Medium Priority
AMK-00017129,0.34632014907599257,0,Medium Priority
AMK-00034828,0.7341371523586296,1,High Priority
AMK-00042415,0.5056163431372798,1,Medium Priority
AMK-00003076,0.6146173870926286,1,Medium Priority
AMK-00010578,0.3052708450772871,0,Medium Priority
AMK-00055241,0.30134452136695794,0,Medium Priority
AMK-00000625,0.3925879009954037,0,Medium Priority
AMK-00017780,0.548396301586615,1,Medium Priority
AMK-00035883,0.5508097347408278,1,Medium Priority
AMK-00052650,0.7648119929553917,1,High Priority
AMK-00004149,0.29524350989940373,0,Low Priority
AMK-00060100,0.6036665196178064,1,Medium Priority
AMK-00003936,0.197376675414728,0,Low Priority
AMK-00023743,0.5063076303673975,1,Medium Priority
AMK-00018938,0.406276214915637,0,Medium Priority
AMK-00050335,0.6403481652329353,1,Medium Priority
AMK-00059867,0.5105938557471349,1,Medium Priority
AMK-00055214,0.15301603113024223,0,Low Priority
AMK-00027018,0.509112893036436,1,Medium Priority
AMK-00024276,0.8059967629832435,1,High Priority
AMK-00006686,0.47461017169078706,0,Medium Priority
AMK-00030278,0.6159489531364887,1,Medium Priority
AMK-00044593,0.3213573470852946,0,Medium Priority
AMK-00007428,0.48509639025215423,0,Medium Priority
AMK-00058008,0.5085927301320877,1,Medium Priority
AMK-00002061,0.08434400944730017,0,Low Priority
AMK-00014897,0.18023842529304,0,Low Priority
AMK-00055341,0.43928919809803063,0,Medium Priority
AMK-00057471,0.5836363555464297,1,Medium Priority
AMK-00020089,0.5329553588765569,1,Medium Priority
AMK-00023970,0.4668995939661326,0,Medium Priority
AMK-00063320,0.7828769041135034,1,High Priority
AMK-00033353,0.6430008789402712,1,Medium Priority
AMK-00021299,0.5037662053215818,1,Medium Priority
AMK-00052289,0.69257581683373,1,Medium Priority
AMK-00053550,0.4122142409655883,0,Medium Priority
AMK-00007918,0.1642681726758378,0,Low Priority
AMK-00043670,0.5433750639981259,1,Medium Priority
AMK-00063474,0.40341867918101154,0,Medium Priority
AMK-00027228,0.1080540840831474,0,Low Priority
AMK-00000270,0.49646530592370625,0,Medium Priority
AMK-00025008,0.3131000535224245,0,Medium Priority
AMK-00017115,0.5456940589928558,1,Medium Priority
AMK-00053432,0.7535198990342424,1,High Priority
AMK-00033736,0.4587749456627275,0,Medium Priority
AMK-00021298,0.6004345892424514,1,Medium Priority
AMK-00050131,0.4477261547906698,0,Medium Priority
AMK-00024670,0.5345063464911533,1,Medium Priority
AMK-00055450,0.404350176049987,0,Medium Priority
AMK-00007238,0.32803291384143374,0,Medium Priority
AMK-00045695,0.47771320615467106,0,Medium Priority
AMK-00006351,0.33621219943732117,0,Medium Priority
AMK-00045287,0.6212424591526949,1,Medium Priority
AMK-00060861,0.5669592072683383,1,Medium Priority
AMK-00045862,0.7411766544858774,1,High Priority
AMK-00033802,0.4759090613089473,0,Medium Priority
AMK-00039807,0.3511169477451814,0,Medium Priority
AMK-00037445,0.2902877483853682,0,Low Priority
AMK-00007202,0.5008971099408944,1,Medium Priority
AMK-00002350,0.5310247711575382,1,Medium Priority
AMK-00045847,0.542455487486926,1,Medium Priority
AMK-00017135,0.22239582746779277,0,Low Priority
AMK-00024678,0.44737356023184816,0,Medium Priority
AMK-00033848,0.3949160619917816,0,Medium Priority
AMK-00012543,0.5404073219013391,1,Medium Priority
AMK-00025362,0.7683300251393946,1,High Priority
AMK-00039935,0.35311191411292153,0,Medium Priority
AMK-00024582,0.6595099656201132,1,Medium Priority
AMK-00059711,0.5454687383244913,1,Medium Priority
AMK-00029721,0.5799114871769926,1,Medium Priority
AMK-00038672,0.5682871802460132,1,Medium Priority
AMK-00007325,0.6384057869634284,1,Medium Priority
AMK-00014674,0.37392120262830575,0,Medium Priority
AMK-00002689,0.661361148256696,1,Medium Priority
AMK-00018467,0.38531325322993715,0,Medium Priority
AMK-00010154,0.7063136297182712,1,High Priority
AMK-00022371,0.3661225207930695,0,Medium Priority
AMK-00040663,0.49516600862306276,0,Medium Priority
AMK-00024457,0.34430684522260213,0,Medium Priority
AMK-00015042,0.6898786266923571,1,Medium Priority
AMK-00057835,0.49197510913225495,0,Medium Priority
AMK-00037878,0.328542365955436,0,Medium Priority
AMK-00018856,0.5612786079640162,1,Medium Priority
AMK-00050660,0.676008245098465,1,Medium Priority
AMK-00050754,0.5019306946828169,1,Medium Priority
AMK-00024182,0.6745424564448244,1,Medium Priority
AMK-00061028,0.5850361150659619,1,Medium Priority
AMK-00015698,0.3200651329177425,0,Medium Priority
AMK-00033254,0.37686277384807493,0,Medium Priority
AMK-00052796,0.32327712849531903,0,Medium Priority
AMK-00053124,0.43601006610307524,0,Medium Priority
AMK-00044270,0.29395947544258255,0,Low Priority
AMK-00057390,0.4053766982372964,0,Medium Priority
AMK-00033554,0.4836938484483576,0,Medium Priority
AMK-00010553,0.6371567728252381,1,Medium Priority
AMK-00021713,0.74514767244808,1,High Priority
AMK-00011082,0.49856981255704863,0,Medium Priority
AMK-00025607,0.37358003866007816,0,Medium Priority
AMK-00029772,0.27996824293830463,0,Low Priority
AMK-00023449,0.43325963502694187,0,Medium Priority
AMK-00032755,0.3016152157513076,0,Medium Priority
AMK-00034742,0.3443938432409157,0,Medium Priority
AMK-00060217,0.4035741089848629,0,Medium Priority
AMK-00027144,0.22891042113812335,0,Low Priority
AMK-00058744,0.45773267878974355,0,Medium Priority
AMK-00054286,0.25523311962910844,0,Low Priority
AMK-00012061,0.38605924766330807,0,Medium Priority
AMK-00056300,0.37679711605148225,0,Medium Priority
AMK-00040185,0.4538122541183141,0,Medium Priority
AMK-00031476,0.4289126923467343,0,Medium Priority
AMK-00020764,0.3665985806075248,0,Medium Priority
AMK-00016034,0.6533758829308831,1,Medium Priority
AMK-00062180,0.4248596837055571,0,Medium Priority
AMK-00062168,0.48408197603436004,0,Medium Priority
AMK-00028601,0.21145313094938048,0,Low Priority
AMK-00038352,0.6295447594643355,1,Medium Priority
AMK-00059139,0.40636179620065144,0,Medium Priority
AMK-00038825,0.2817674421904782,0,Low Priority
AMK-00020899,0.29566819537522787,0,Low Priority
AMK-00027788,0.459519638979724,0,Medium Priority
AMK-00049921,0.2591858971029244,0,Low Priority
AMK-00002073,0.5105198474207987,1,Medium Priority
AMK-00060140,0.8160299856173746,1,High Priority
AMK-00006014,0.28509655303991943,0,Low Priority
AMK-00034892,0.38873127436143223,0,Medium Priority
AMK-00046964,0.2954435776287084,0,Low Priority
AMK-00008021,0.5016672850225509,1,Medium Priority
AMK-00048469,0.7032790712829929,1,High Priority
AMK-00010505,0.36411636619250176,0,Medium Priority
AMK-00025581,0.5253124183728591,1,Medium Priority
AMK-00030495,0.5855794697291964,1,Medium Priority
AMK-00040244,0.4478975138685251,0,Medium Priority
AMK-00017213,0.7929459954939639,1,High Priority
AMK-00021502,0.5831600314853336,1,Medium Priority
AMK-00000867,0.4010490989029043,0,Medium Priority
AMK-00003805,0.4309828462280329,0,Medium Priority
AMK-00059969,0.48509945130896714,0,Medium Priority
AMK-00042378,0.45127044775320657,0,Medium Priority
AMK-00011903,0.5714450861692891,1,Medium Priority
AMK-00007684,0.4230111116670611,0,Medium Priority
AMK-00017538,0.32697096916106233,0,Medium Priority
AMK-00041559,0.6460553581718376,1,Medium Priority
AMK-00053062,0.4730734361781485,0,Medium Priority
AMK-00029642,0.4370970057681935,0,Medium Priority
AMK-00017888,0.45646693649125153,0,Medium Priority
AMK-00032907,0.4210866506785671,0,Medium Priority
AMK-00014635,0.6631745136854603,1,Medium Priority
AMK-00059943,0.4248188030896004,0,Medium Priority
AMK-00037169,0.6793171756103497,1,Medium Priority
AMK-00061337,0.6204106034422556,1,Medium Priority
AMK-00039213,0.44317520396905474,0,Medium Priority
AMK-00028663,0.7012398122809288,1,High Priority
AMK-00018862,0.5145456822096599,1,Medium Priority
AMK-00060365,0.7206956461562202,1,High Priority
AMK-00009913,0.35172741440345573,0,Medium Priority
AMK-00010994,0.4127808821410747,0,Medium Priority
AMK-00038383,0.2601578818905554,0,Low Priority
AMK-00028838,0.5619139545136622,1,Medium Priority
AMK-00019254,0.502882701558911,1,Medium Priority
AMK-00012628,0.192794589539136,0,Low Priority
AMK-00016736,0.5713750763382308,1,Medium Priority
AMK-00031675,0.7392573415107319,1,High Priority
AMK-00004449,0.3657037180948183,0,Medium Priority
AMK-00061564,0.5127867718806131,1,Medium Priority
AMK-00050046,0.5988926615450959,1,Medium Priority
AMK-00003716,0.7309112846904836,1,High Priority
AMK-00044035,0.4838213733013118,0,Medium Priority
AMK-00049177,0.5676894958750933,1,Medium Priority
AMK-00063444,0.6087492194425517,1,Medium Priority
AMK-00020508,0.36458441918054507,0,Medium Priority
AMK-00001054,0.340742623990228,0,Medium Priority
AMK-00016484,0.2813935149348843,0,Low Priority
AMK-00046374,0.3318970967694588,0,Medium Priority
AMK-00041409,0.7440327560430909,1,High Priority
AMK-00043650,0.8233460040207622,1,High Priority
AMK-00038250,0.5138146307881367,1,Medium Priority
AMK-00005032,0.3375464545235482,0,Medium Priority
AMK-00000907,0.7080053734813965,1,High Priority
AMK-00056770,0.4171147262031031,0,Medium Priority
AMK-00008277,0.29294659870495726,0,Low Priority
AMK-00054556,0.47357111608357705,0,Medium Priority
AMK-00009827,0.5805958170954605,1,Medium Priority
AMK-00059695,0.400498585907928,0,Medium Priority
AMK-00017109,0.6619332992162671,1,Medium Priority
AMK-00005147,0.22139423325039181,0,Low Priority
AMK-00021364,0.4626246907279529,0,Medium Priority
AMK-00008704,0.7118428325853535,1,High Priority
AMK-00018810,0.36786707224052156,0,Medium Priority
AMK-00062780,0.5244964091415856,1,Medium Priority
AMK-00001335,0.6496990530461119,1,Medium Priority
AMK-00000891,0.4698581207461051,0,Medium Priority
AMK-00043199,0.3808097517240067,0,Medium Priority
AMK-00002855,0.43915740477423515,0,Medium Priority
AMK-00043592,0.6740663037942758,1,Medium Priority
AMK-00035912,0.5736610787099863,1,Medium Priority
AMK-00055437,0.43385530871617595,0,Medium Priority
AMK-00005712,0.5599063901225104,1,Medium Priority
AMK-00043503,0.32194256960200746,0,Medium Priority
AMK-00026539,0.5063651185090592,1,Medium Priority
AMK-00063543,0.16681443572409854,0,Low Priority
AMK-00059968,0.7226638335409613,1,High Priority
AMK-00039177,0.5376870274239245,1,Medium Priority
AMK-00017293,0.7475294189419933,1,High Priority
AMK-00032503,0.49718676926883243,0,Medium Priority
AMK-00058228,0.5336402223688098,1,Medium Priority
AMK-00046969,0.20700926022974292,0,Low Priority
AMK-00040557,0.47744550901268185,0,Medium Priority
AMK-00037715,0.6973190731990697,1,Medium Priority
AMK-00001979,0.5549368288793994,1,Medium Priority
AMK-00051724,0.5286488494548673,1,Medium Priority
AMK-00034824,0.40887440609115255,0,Medium Priority
AMK-00040395,0.6870871249973938,1,Medium Priority
AMK-00049032,0.3525869012583714,0,Medium Priority
AMK-00013859,0.3279940804138696,0,Medium Priority
AMK-00045689,0.22820334303772224,0,Low Priority
AMK-00019873,0.5912398231892667,1,Medium Priority
AMK-00055245,0.5429202199974204,1,Medium Priority
AMK-00061697,0.3278003233796722,0,Medium Priority
AMK-00060214,0.5522854614353112,1,Medium Priority
AMK-00039495,0.5051316423920493,1,Medium Priority
AMK-00050832,0.24336326138282077,0,Low Priority
AMK-00021404,0.35906814711885915,0,Medium Priority
AMK-00042467,0.24571257278197925,0,Low Priority
AMK-00041602,0.5848162356745505,1,Medium Priority
AMK-00046216,0.29818564728332675,0,Low Priority
AMK-00043091,0.3921638316982778,0,Medium Priority
AMK-00005955,0.3363939126972119,0,Medium Priority
AMK-00010207,0.1649497000233986,0,Low Priority
AMK-00022649,0.33355748480844144,0,Medium Priority
AMK-00024689,0.4791111433120732,0,Medium Priority
AMK-00032259,0.6616087918181922,1,Medium Priority
AMK-00036306,0.4647717128255929,0,Medium Priority
AMK-00037758,0.590581539346089,1,Medium Priority
AMK-00046129,0.48239717717066755,0,Medium Priority
AMK-00004658,0.6723139688117009,1,Medium Priority
AMK-00011048,0.8228667752237592,1,High Priority
AMK-00040827,0.23937546063731913,0,Low Priority
AMK-00004066,0.45475227582454886,0,Medium Priority
AMK-00041403,0.4939969078817022,0,Medium Priority
AMK-00048204,0.2291613600217172,0,Low Priority
AMK-00022962,0.19281190748352744,0,Low Priority
AMK-00052206,0.3859182741329944,0,Medium Priority
AMK-00000110,0.40243366896422894,0,Medium Priority
AMK-00022249,0.5054476608241788,1,Medium Priority
AMK-00051079,0.4459652292576267,0,Medium Priority
AMK-00019816,0.4050285262744413,0,Medium Priority
AMK-00046694,0.47809523564480005,0,Medium Priority
AMK-00019017,0.4097684337658517,0,Medium Priority
AMK-00000673,0.5697889522661954,1,Medium Priority
AMK-00019475,0.3579239624623267,0,Medium Priority
AMK-00045632,0.3721003797297693,0,Medium Priority
AMK-00005492,0.26146003989559236,0,Low Priority
AMK-00047645,0.27266228495128314,0,Low Priority
AMK-00031414,0.6694267242012181,1,Medium Priority
AMK-00041773,0.5924359775082543,1,Medium Priority
AMK-00017363,0.6558988687459175,1,Medium Priority
AMK-00049209,0.3656795663588047,0,Medium Priority
AMK-00035474,0.6298518055498511,1,Medium Priority
AMK-00001044,0.6514569062090596,1,Medium Priority
AMK-00037912,0.3534859015325686,0,Medium Priority
AMK-00025487,0.22713921180582133,0,Low Priority
AMK-00059949,0.553755322266743,1,Medium Priority
AMK-00015939,0.5188899590156321,1,Medium Priority
AMK-00047470,0.47752465570118213,0,Medium Priority
AMK-00056168,0.2862995823575179,0,Low Priority
AMK-00040214,0.44099125351388163,0,Medium Priority
AMK-00010689,0.5412305235029737,1,Medium Priority
AMK-00024153,0.5935310895213249,1,Medium Priority
AMK-00000702,0.516523734576341,1,Medium Priority
AMK-00062319,0.5436597660552108,1,Medium Priority
AMK-00044293,0.5772652583114308,1,Medium Priority
AMK-00008914,0.4038769916013894,0,Medium Priority
AMK-00027958,0.5419588084399947,1,Medium Priority
AMK-00043560,0.3560581035436793,0,Medium Priority
AMK-00038121,0.5228333475690013,1,Medium Priority
AMK-00006080,0.4886034633650995,0,Medium Priority
AMK-00045379,0.336640509063486,0,Medium Priority
AMK-00006688,0.5544648132440576,1,Medium Priority
AMK-00056892,0.6828650536732519,1,Medium Priority
AMK-00005677,0.13562254642549268,0,Low Priority
AMK-00036816,0.565898709539155,1,Medium Priority
AMK-00040014,0.29550700191378776,0,Low Priority
AMK-00002325,0.653743666409921,1,Medium Priority
AMK-00047478,0.5514951083473585,1,Medium Priority
AMK-00062808,0.62075375324034,1,Medium Priority
AMK-00021157,0.5635177091325343,1,Medium Priority
AMK-00028349,0.5864462082977794,1,Medium Priority
AMK-00051278,0.6172515256663598,1,Medium Priority
AMK-00009790,0.3432898970141226,0,Medium Priority
AMK-00047598,0.49225852780748075,0,Medium Priority
AMK-00030167,0.466986581340073,0,Medium Priority
AMK-00050836,0.2412977545959636,0,Low Priority
AMK-00025528,0.2474765764190029,0,Low Priority
AMK-00052828,0.6182813546013275,1,Medium Priority
AMK-00029599,0.64881681386602,1,Medium Priority
AMK-00038152,0.7274945627612933,1,High Priority
AMK-00040754,0.6210016156912097,1,Medium Priority
AMK-00024500,0.5769734252829171,1,Medium Priority
AMK-00061670,0.38020086833913397,0,Medium Priority
AMK-00000647,0.425011064286738,0,Medium Priority
AMK-00035891,0.3981898771171762,0,Medium Priority
AMK-00033007,0.5158077874853556,1,Medium Priority
AMK-00003804,0.6285817498348073,1,Medium Priority
AMK-00030838,0.6804933970802293,1,Medium Priority
AMK-00032777,0.7389458549580188,1,High Priority
AMK-00008362,0.6679410143573524,1,Medium Priority
AMK-00048753,0.44051777900067046,0,Medium Priority
AMK-00006955,0.2881019297388058,0,Low Priority
AMK-00003133,0.382308932797778,0,Medium Priority
AMK-00048723,0.698965525623933,1,Medium Priority
AMK-00042333,0.380127175632064,0,Medium Priority
AMK-00039752,0.3567035074735964,0,Medium Priority
AMK-00047223,0.23599082320065737,0,Low Priority
AMK-00057293,0.37336010462302865,0,Medium Priority
AMK-00059058,0.3217560433763446,0,Medium Priority
AMK-00015158,0.6903038961586396,1,Medium Priority
AMK-00028132,0.36380766632799894,0,Medium Priority
AMK-00007221,0.33857620015709333,0,Medium Priority
AMK-00035809,0.5019652085565195,1,Medium Priority
AMK-00029011,0.6193965324189837,1,Medium Priority
AMK-00013545,0.3412535088514629,0,Medium Priority
AMK-00033364,0.5879801106575018,1,Medium Priority
AMK-00060254,0.38323698478990786,0,Medium Priority
AMK-00015713,0.5984398290422998,1,Medium Priority
AMK-00010743,0.7451254262655105,1,High Priority
AMK-00023946,0.7470044008339929,1,High Priority
AMK-00019891,0.2878870473825806,0,Low Priority
AMK-00003105,0.28769539785380355,0,Low Priority
AMK-00037914,0.5794912795770013,1,Medium Priority
AMK-00061779,0.19427818390760057,0,Low Priority
AMK-00026759,0.7489022865337185,1,High Priority
AMK-00063034,0.17118889638913545,0,Low Priority
AMK-00056488,0.4075543415162983,0,Medium Priority
AMK-00008855,0.6094577875307295,1,Medium Priority
AMK-00017050,0.2985368168164095,0,Low Priority
AMK-00041365,0.5197379502927557,1,Medium Priority
AMK-00019918,0.7269008016607688,1,High Priority
AMK-00026603,0.45198040374625825,0,Medium Priority
AMK-00018879,0.431235054839688,0,Medium Priority
AMK-00057580,0.20699226085381048,0,Low Priority
AMK-00042794,0.5061551230993967,1,Medium Priority
AMK-00017340,0.5437827282684561,1,Medium Priority
AMK-00005361,0.6567971120844689,1,Medium Priority
AMK-00046235,0.4951806020427493,0,Medium Priority
AMK-00056644,0.40677712660477544,0,Medium Priority
AMK-00025141,0.32247194294221565,0,Medium Priority
AMK-00026323,0.5801592295962393,1,Medium Priority
AMK-00052106,0.4269947347580633,0,Medium Priority
AMK-00060009,0.284672772634465,0,Low Priority
AMK-00043196,0.4010666147965745,0,Medium Priority
AMK-00005529,0.20964518588029768,0,Low Priority
AMK-00023924,0.683108983128131,1,Medium Priority
AMK-00035556,0.49657915918646484,0,Medium Priority
AMK-00027700,0.39261176128411823,0,Medium Priority
AMK-00038555,0.5222636138069013,1,Medium Priority
AMK-00042562,0.5993928070180891,1,Medium Priority
AMK-00014322,0.3361073266851864,0,Medium Priority
AMK-00016934,0.7541139236950206,1,High Priority
AMK-00061762,0.5473761493774391,1,Medium Priority
AMK-00012545,0.46394112273730886,0,Medium Priority
AMK-00038847,0.7596184422415208,1,High Priority
AMK-00023418,0.36754329497449806,0,Medium Priority
AMK-00020728,0.4123003538145558,0,Medium Priority
AMK-00046283,0.3332850459702379,0,Medium Priority
AMK-00000755,0.425890869880048,0,Medium Priority
AMK-00007564,0.24779991510797936,0,Low Priority
AMK-00037206,0.5114013121724185,1,Medium Priority
AMK-00039849,0.34350615935976997,0,Medium Priority
AMK-00021266,0.6436961169784233,1,Medium Priority
AMK-00062991,0.4670572621706388,0,Medium Priority
AMK-00006562,0.4828143737725146,0,Medium Priority
AMK-00060544,0.522935963859589,1,Medium Priority
AMK-00032632,0.4819093091798251,0,Medium Priority
AMK-00037774,0.56150771051422,1,Medium Priority
AMK-00013291,0.26830147874902976,0,Low Priority
AMK-00039804,0.7979157240526892,1,High Priority
AMK-00056792,0.5467305222726089,1,Medium Priority
AMK-00041196,0.43324765475952765,0,Medium Priority
AMK-00002494,0.759753978582643,1,High Priority
AMK-00027222,0.15062128056315424,0,Low Priority
AMK-00048674,0.5640561819406448,1,Medium Priority
AMK-00034469,0.28436849062912817,0,Low Priority
AMK-00002481,0.5301098324608471,1,Medium Priority
AMK-00058153,0.6817014465308706,1,Medium Priority
AMK-00009761,0.5405916949900977,1,Medium Priority
AMK-00048238,0.18060665371034876,0,Low Priority
AMK-00017718,0.509811401701533,1,Medium Priority
AMK-00044179,0.4405669789488573,0,Medium Priority
AMK-00019760,0.5491309599384284,1,Medium Priority
AMK-00018686,0.41926918901730087,0,Medium Priority
AMK-00022293,0.45793910464762005,0,Medium Priority
AMK-00047954,0.2700099180525287,0,Low Priority
AMK-00042176,0.25972099473017674,0,Low Priority
AMK-00060613,0.39152343211041507,0,Medium Priority
AMK-00046609,0.218588313967173,0,Low Priority
AMK-00034289,0.309363012975224,0,Medium Priority
AMK-00043744,0.33527859452870046,0,Medium Priority
AMK-00035822,0.24402054673476634,0,Low Priority
AMK-00054452,0.6286815456282243,1,Medium Priority
AMK-00026061,0.3422167629039621,0,Medium Priority
AMK-00024776,0.5361083520587221,1,Medium Priority
AMK-00009810,0.7052281826540129,1,High Priority
AMK-00022138,0.7356104984223479,1,High Priority
AMK-00063712,0.5071420933090336,1,Medium Priority
AMK-00003503,0.2929779779768302,0,Low Priority
AMK-00048847,0.41308828435040335,0,Medium Priority
AMK-00011043,0.4244487020911327,0,Medium Priority
AMK-00056183,0.29074171091538015,0,Low Priority
AMK-00037557,0.35750292604423417,0,Medium Priority
AMK-00010792,0.5277569879953697,1,Medium Priority
AMK-00030251,0.2460145642786203,0,Low Priority
AMK-00050075,0.3798210126479895,0,Medium Priority
AMK-00042516,0.4892843945295538,0,Medium Priority
AMK-00008926,0.6658976002234276,1,Medium Priority
AMK-00038869,0.3530275971027729,0,Medium Priority
AMK-00014068,0.6461002574106569,1,Medium Priority
AMK-00002580,0.29890366809301894,0,Low Priority
AMK-00030688,0.3339436665984377,0,Medium Priority
AMK-00034983,0.4416341881952081,0,Medium Priority
AMK-00044086,0.6142912494518322,1,Medium Priority
AMK-00025459,0.32772874590676615,0,Medium Priority
AMK-00020888,0.7372239383652303,1,High Priority
AMK-00021745,0.527151403856062,1,Medium Priority
AMK-00007948,0.547514428097473,1,Medium Priority
AMK-00010946,0.19857870977747372,0,Low Priority
AMK-00054226,0.5945117588338256,1,Medium Priority
AMK-00053632,0.41746610625255653,0,Medium Priority
AMK-00039842,0.3198718296800899,0,Medium Priority
AMK-00002950,0.33271412668287725,0,Medium Priority
AMK-00005876,0.5816428716755551,1,Medium Priority
AMK-00023187,0.12504826617518425,0,Low Priority
AMK-00026417,0.39470340311783003,0,Medium Priority
AMK-00002332,0.620452372483949,1,Medium Priority
AMK-00018623,0.6605271619914316,1,Medium Priority
AMK-00004885,0.6587958508292752,1,Medium Priority
AMK-00032424,0.34895331669091795,0,Medium Priority
AMK-00059575,0.5755354542563923,1,Medium Priority
AMK-00014010,0.6835502619617739,1,Medium Priority
AMK-00014166,0.4357959055286856,0,Medium Priority
AMK-00053261,0.3400340591454917,0,Medium Priority
AMK-00007802,0.31243545236659187,0,Medium Priority
AMK-00038703,0.36604082858485876,0,Medium Priority
AMK-00018598,0.522452444814463,1,Medium Priority
AMK-00019420,0.4729163211526724,0,Medium Priority
AMK-00054684,0.3389450370928181,0,Medium Priority
AMK-00015287,0.3545883412203543,0,Medium Priority
AMK-00034345,0.5035057794321599,1,Medium Priority
AMK-00006861,0.33640287011683834,0,Medium Priority
AMK-00005856,0.4645792218568078,0,Medium Priority
AMK-00040750,0.7084743686088406,1,High Priority
AMK-00059448,0.2619784981854386,0,Low Priority
AMK-00031804,0.32671949313044396,0,Medium Priority
AMK-00022922,0.46290057126793444,0,Medium Priority
AMK-00042977,0.39221738676363066,0,Medium Priority
AMK-00013543,0.23430331677414248,0,Low Priority
AMK-00054845,0.3533018537594461,0,Medium Priority
AMK-00063307,0.315905506598431,0,Medium Priority
AMK-00003417,0.43447079329471916,0,Medium Priority
AMK-00005928,0.5681107236410422,1,Medium Priority
AMK-00035023,0.5584279735472282,1,Medium Priority
AMK-00028450,0.6905224178662313,1,Medium Priority
AMK-00031768,0.3975745496638651,0,Medium Priority
AMK-00038127,0.5608241352644121,1,Medium Priority
AMK-00019022,0.30787307553476284,0,Medium Priority
AMK-00007174,0.48196128954885054,0,Medium Priority
AMK-00021675,0.33923655732461855,0,Medium Priority
AMK-00004246,0.35027967979159375,0,Medium Priority
AMK-00061764,0.5680527587086553,1,Medium Priority
AMK-00034338,0.31237779883648575,0,Medium Priority
AMK-00002727,0.4619676903734406,0,Medium Priority
AMK-00030814,0.39858261200098244,0,Medium Priority
AMK-00007617,0.5940573765608389,1,Medium Priority
AMK-00022894,0.6374951941967172,1,Medium Priority
AMK-00060261,0.381486024803585,0,Medium Priority
AMK-00038443,0.2794060037799088,0,Low Priority
AMK-00017693,0.34729363700498256,0,Medium Priority
AMK-00055312,0.6580413440837154,1,Medium Priority
AMK-00055703,0.19653031799126494,0,Low Priority
AMK-00063225,0.6671402296417672,1,Medium Priority
AMK-00057128,0.3906731726500859,0,Medium Priority
AMK-00018084,0.4279659603780938,0,Medium Priority
AMK-00019367,0.26525612674102544,0,Low Priority
AMK-00053658,0.5877834435074326,1,Medium Priority
AMK-00023975,0.6869048074833409,1,Medium Priority
AMK-00040358,0.40942204458436654,0,Medium Priority
AMK-00026439,0.3346831280259835,0,Medium Priority
AMK-00063356,0.4399069709981136,0,Medium Priority
AMK-00055810,0.720091649503522,1,High Priority
AMK-00049455,0.5167745945493672,1,Medium Priority
AMK-00022980,0.6109554333097601,1,Medium Priority
AMK-00046672,0.4334621826286394,0,Medium Priority
AMK-00033288,0.5298739315353849,1,Medium Priority
AMK-00000431,0.6423779709295596,1,Medium Priority
AMK-00044143,0.2830072452898206,0,Low Priority
AMK-00012660,0.21555520109001497,0,Low Priority
AMK-00039622,0.28708407609943704,0,Low Priority
AMK-00025866,0.3803039747247499,0,Medium Priority
AMK-00028424,0.44078873595278606,0,Medium Priority
AMK-00010024,0.23430148150338254,0,Low Priority
AMK-00041041,0.8765159611182638,1,High Priority
AMK-00025149,0.48567340888933364,0,Medium Priority
AMK-00027744,0.16376022037542584,0,Low Priority
AMK-00001619,0.7390633686710051,1,High Priority
AMK-00028278,0.49043477930707663,0,Medium Priority
AMK-00023976,0.732090414752834,1,High Priority
AMK-00007982,0.4613936208878332,0,Medium Priority
AMK-00030410,0.6312798616934157,1,Medium Priority
AMK-00017833,0.6494375395762445,1,Medium Priority
AMK-00022041,0.4735251138869098,0,Medium Priority
AMK-00007030,0.4998559018297207,0,Medium Priority
AMK-00018402,0.5856625260825347,1,Medium Priority
AMK-00043692,0.3209227446558543,0,Medium Priority
AMK-00009870,0.565403830997025,1,Medium Priority
AMK-00000354,0.5649586210867318,1,Medium Priority
AMK-00021127,0.2261610071250791,0,Low Priority
AMK-00004700,0.2426515521176449,0,Low Priority
AMK-00022080,0.4209368006158517,0,Medium Priority
AMK-00058533,0.506889907505735,1,Medium Priority
AMK-00031258,0.49394274257653353,0,Medium Priority
AMK-00030080,0.4960232924911928,0,Medium Priority
AMK-00005229,0.5345846447214928,1,Medium Priority
AMK-00045057,0.5607170195330463,1,Medium Priority
AMK-00022983,0.5691001543005094,1,Medium Priority
AMK-00043171,0.528274870348882,1,Medium Priority
AMK-00005599,0.5389088538611689,1,Medium Priority
AMK-00018198,0.6562050613946612,1,Medium Priority
AMK-00015506,0.35331872290384897,0,Medium Priority
AMK-00011388,0.5297171725991141,1,Medium Priority
AMK-00020200,0.45008897775717577,0,Medium Priority
AMK-00019754,0.2307442524634357,0,Low Priority
AMK-00050420,0.3343786210970481,0,Medium Priority
AMK-00049437,0.6503882960659707,1,Medium Priority
AMK-00016357,0.4512764870834864,0,Medium Priority
AMK-00016732,0.7561106876611194,1,High Priority
AMK-00031736,0.5965397856250628,1,Medium Priority
AMK-00024700,0.7063659307137673,1,High Priority
AMK-00041176,0.37105463539092925,0,Medium Priority
AMK-00003054,0.28796765103210065,0,Low Priority
AMK-00030511,0.5576502484685265,1,Medium Priority
AMK-00028779,0.5785023039951204,1,Medium Priority
AMK-00062318,0.5050684337875944,1,Medium Priority
AMK-00034124,0.6931924328289847,1,Medium Priority
AMK-00059979,0.4063492658473866,0,Medium Priority
AMK-00058878,0.3962528889074018,0,Medium Priority
AMK-00007183,0.6671613142162903,1,Medium Priority
AMK-00015014,0.2883515835099819,0,Low Priority
AMK-00036107,0.40813763736740094,0,Medium Priority
AMK-00021325,0.7966989893063317,1,High Priority
AMK-00032385,0.5268249124328513,1,Medium Priority
AMK-00012567,0.6095324483346688,1,Medium Priority
AMK-00018201,0.3623898716244135,0,Medium Priority
AMK-00036806,0.4994853732924347,0,Medium Priority
AMK-00009233,0.6210026240327471,1,Medium Priority
AMK-00017828,0.6269758652400635,1,Medium Priority
AMK-00015007,0.5950553761052227,1,Medium Priority
AMK-00018966,0.38224823998136975,0,Medium Priority
AMK-00033318,0.37589544483027787,0,Medium Priority
AMK-00007846,0.5450397683727676,1,Medium Priority
AMK-00026002,0.33389004080312074,0,Medium Priority
AMK-00005138,0.4747019307652135,0,Medium Priority
AMK-00059608,0.689153995277954,1,Medium Priority
AMK-00020794,0.32641706134342346,0,Medium Priority
AMK-00000565,0.35647223718495347,0,Medium Priority
AMK-00010128,0.3208611742062686,0,Medium Priority
AMK-00032085,0.399544277377985,0,Medium Priority
AMK-00042949,0.6750341802556254,1,Medium Priority
AMK-00002400,0.6194041755301446,1,Medium Priority
AMK-00022129,0.24370718398735244,0,Low Priority
AMK-00048168,0.3230772623786808,0,Medium Priority
AMK-00050785,0.4280652672880682,0,Medium Priority
AMK-00026736,0.5418353390268787,1,Medium Priority
AMK-00057263,0.5988081562391646,1,Medium Priority
AMK-00055849,0.18744315908311804,0,Low Priority
AMK-00058185,0.4141816623522957,0,Medium Priority
AMK-00011606,0.4846848105740895,0,Medium Priority
AMK-00051654,0.5495850196300812,1,Medium Priority
AMK-00000854,0.19792773803318045,0,Low Priority
AMK-00018466,0.7081467605712456,1,High Priority
AMK-00009367,0.2815092703989833,0,Low Priority
AMK-00054534,0.4544340676561246,0,Medium Priority
AMK-00026060,0.5506450451203717,1,Medium Priority
AMK-00056242,0.4903288917307537,0,Medium Priority
AMK-00008526,0.35762750238604957,0,Medium Priority
AMK-00040250,0.2407635533535955,0,Low Priority
AMK-00046743,0.44484982412808677,0,Medium Priority
AMK-00026507,0.3048063933076284,0,Medium Priority
AMK-00040257,0.3368904862775179,0,Medium Priority
AMK-00010435,0.4463684215478157,0,Medium Priority
AMK-00056392,0.3316642898158863,0,Medium Priority
AMK-00002938,0.5492962422568621,1,Medium Priority
AMK-00035113,0.42655884026964874,0,Medium Priority
AMK-00037755,0.47528522834702547,0,Medium Priority
AMK-00041499,0.6023575008215166,1,Medium Priority
AMK-00050168,0.32525157556224465,0,Medium Priority
AMK-00031562,0.4975849310373486,0,Medium Priority
AMK-00020197,0.5741935503832056,1,Medium Priority
AMK-00056367,0.4145052551551625,0,Medium Priority
AMK-00041523,0.5467062197547117,1,Medium Priority
AMK-00050308,0.25274058034967617,0,Low Priority
AMK-00048383,0.5085205611864234,1,Medium Priority
AMK-00044742,0.46275476607755867,0,Medium Priority
AMK-00060874,0.4115866492329243,0,Medium Priority
AMK-00038389,0.5639551148475991,1,Medium Priority
AMK-00029966,0.39959548988087906,0,Medium Priority
AMK-00045191,0.715573812490885,1,High Priority
AMK-00022230,0.5805417172045254,1,Medium Priority
AMK-00050562,0.3977608507394395,0,Medium Priority
AMK-00056656,0.8090547485215586,1,High Priority
AMK-00031606,0.20966043381278354,0,Low Priority
AMK-00004811,0.5909221451380464,1,Medium Priority
AMK-00048075,0.3109927995033436,0,Medium Priority
AMK-00005247,0.49818454558161657,0,Medium Priority
AMK-00060807,0.41651764410313097,0,Medium Priority
AMK-00014913,0.43291444166990023,0,Medium Priority
AMK-00022457,0.351519651678212,0,Medium Priority
AMK-00029089,0.34806290501488774,0,Medium Priority
AMK-00022266,0.42349139281320275,0,Medium Priority
AMK-00048207,0.7896731014659816,1,High Priority
AMK-00022068,0.3326435871113564,0,Medium Priority
AMK-00033681,0.4755490004547793,0,Medium Priority
AMK-00040838,0.3909893933571768,0,Medium Priority
AMK-00048702,0.3077480737817271,0,Medium Priority
AMK-00016791,0.4502608911868288,0,Medium Priority
AMK-00040142,0.2694825830523543,0,Low Priority
AMK-00041572,0.6204134267518414,1,Medium Priority
AMK-00036099,0.39546300932348716,0,Medium Priority
AMK-00037198,0.7017221955165814,1,High Priority
AMK-00056201,0.46575543752473253,0,Medium Priority
AMK-00050353,0.5162019067354299,1,Medium Priority
AMK-00006718,0.34807256159831523,0,Medium Priority
AMK-00025005,0.33981016225332694,0,Medium Priority
AMK-00017968,0.440545051799691,0,Medium Priority
AMK-00051242,0.7076675625802697,1,High Priority
AMK-00048170,0.3580466920337405,0,Medium Priority
AMK-00016383,0.23976852743075627,0,Low Priority
AMK-00019474,0.5380759494269013,1,Medium Priority
AMK-00000737,0.5359118005272407,1,Medium Priority
AMK-00001221,0.5400215213631829,1,Medium Priority
AMK-00032869,0.47575131441512897,0,Medium Priority
AMK-00010679,0.5769658714909576,1,Medium Priority
AMK-00047837,0.5299483574292879,1,Medium Priority
AMK-00041468,0.7182770759268824,1,High Priority
AMK-00036583,0.6509833773264846,1,Medium Priority
AMK-00051326,0.4243511567499141,0,Medium Priority
AMK-00042569,0.4870197483847393,0,Medium Priority
AMK-00029082,0.4940058336448865,0,Medium Priority
AMK-00010762,0.40382772397034666,0,Medium Priority
AMK-00044507,0.3046349703828185,0,Medium Priority
AMK-00005693,0.5304162159072965,1,Medium Priority
AMK-00053039,0.38964037613319097,0,Medium Priority
AMK-00034245,0.27553046419596544,0,Low Priority
AMK-00042893,0.571862401856427,1,Medium Priority
AMK-00046942,0.3017034900999753,0,Medium Priority
AMK-00003703,0.45919848958371234,0,Medium Priority
AMK-00008478,0.6106354619655493,1,Medium Priority
AMK-00027557,0.24252858524662563,0,Low Priority
AMK-00057384,0.46704968734908703,0,Medium Priority
AMK-00032387,0.4034853373068191,0,Medium Priority
AMK-00043902,0.4818537778765556,0,Medium Priority
AMK-00027009,0.34305443200148455,0,Medium Priority
AMK-00061031,0.6051985350612548,1,Medium Priority
AMK-00044546,0.24959848710075103,0,Low Priority
AMK-00043577,0.7215989812334166,1,High Priority
AMK-00028469,0.2075985403938267,0,Low Priority
AMK-00007330,0.5603021723010819,1,Medium Priority
AMK-00031497,0.4609203118222409,0,Medium Priority
AMK-00037241,0.5547916887792407,1,Medium Priority
AMK-00028062,0.49377864773869407,0,Medium Priority
AMK-00033712,0.3921868900425866,0,Medium Priority
AMK-00049924,0.3879523843993155,0,Medium Priority
AMK-00049551,0.5582005732335205,1,Medium Priority
AMK-00035621,0.6639259793183453,1,Medium Priority
AMK-00036266,0.4578846658436823,0,Medium Priority
AMK-00019212,0.17661183972126054,0,Low Priority
AMK-00024167,0.3870964028365643,0,Medium Priority
AMK-00042215,0.6684573358524679,1,Medium Priority
AMK-00055370,0.5480121309259982,1,Medium Priority
AMK-00060369,0.2627910053663145,0,Low Priority
AMK-00020149,0.6441251140910718,1,Medium Priority
AMK-00011813,0.5829818116447582,1,Medium Priority
AMK-00042047,0.402059699654967,0,Medium Priority
AMK-00017104,0.3736510074462646,0,Medium Priority
AMK-00022178,0.30092451682636634,0,Medium Priority
AMK-00016824,0.4433439217999033,0,Medium Priority
AMK-00044207,0.6497429021277557,1,Medium Priority
AMK-00060552,0.7099610354429405,1,High Priority
AMK-00044831,0.5091612967293047,1,Medium Priority
AMK-00025473,0.4830919507993004,0,Medium Priority
AMK-00029912,0.31494735328485973,0,Medium Priority
AMK-00030253,0.6607843875995982,1,Medium Priority
AMK-00032833,0.5634108717014549,1,Medium Priority
AMK-00047758,0.5725637616989601,1,Medium Priority
AMK-00032200,0.478981137095231,0,Medium Priority
AMK-00042462,0.7254257349027816,1,High Priority
AMK-00009215,0.5778023851544097,1,Medium Priority
AMK-00041380,0.31807770872130364,0,Medium Priority
AMK-00011497,0.5257797968728896,1,Medium Priority
AMK-00057069,0.30597193204802303,0,Medium Priority
AMK-00042946,0.4732556508666161,0,Medium Priority
AMK-00028321,0.45975956512387733,0,Medium Priority
AMK-00047878,0.6816627610709838,1,Medium Priority
AMK-00037739,0.467795448443222,0,Medium Priority
AMK-00052412,0.5198605839109876,1,Medium Priority
AMK-00026100,0.7136861251016514,1,High Priority
AMK-00057198,0.5600275585630999,1,Medium Priority
AMK-00017123,0.5715134115629387,1,Medium Priority
AMK-00010131,0.7481068925262511,1,High Priority
AMK-00022339,0.34935956150157227,0,Medium Priority
AMK-00010853,0.31628883048575124,0,Medium Priority
AMK-00046773,0.6405293767562306,1,Medium Priority
AMK-00058965,0.267456936240504,0,Low Priority
AMK-00018447,0.6438116332101924,1,Medium Priority
AMK-00022390,0.17603716468710934,0,Low Priority
AMK-00010291,0.3792398884444779,0,Medium Priority
AMK-00049158,0.4778908330493774,0,Medium Priority
AMK-00032775,0.5158948827965627,1,Medium Priority
AMK-00047716,0.4196823520908425,0,Medium Priority
AMK-00027079,0.616138135279184,1,Medium Priority
AMK-00030763,0.3437894217500768,0,Medium Priority
AMK-00036246,0.5340901182056575,1,Medium Priority
AMK-00031932,0.2331050535701587,0,Low Priority
AMK-00001254,0.6584229887052697,1,Medium Priority
AMK-00005684,0.7054186803731205,1,High Priority
AMK-00034752,0.5205105228379988,1,Medium Priority
AMK-00006628,0.4282842072962947,0,Medium Priority
AMK-00044760,0.4182872926198586,0,Medium Priority
AMK-00058807,0.4829738880379052,0,Medium Priority
AMK-00015645,0.4765370477429436,0,Medium Priority
AMK-00014652,0.5710362070090825,1,Medium Priority
AMK-00022682,0.3498199959254094,0,Medium Priority
AMK-00016766,0.39993484714545907,0,Medium Priority
AMK-00013460,0.6468446382520135,1,Medium Priority
AMK-00036747,0.72014063838225,1,High Priority
AMK-00001310,0.2654387985772685,0,Low Priority
AMK-00019537,0.6227052514628012,1,Medium Priority
AMK-00053761,0.4350327072548832,0,Medium Priority
AMK-00048566,0.572399080219182,1,Medium Priority
AMK-00036773,0.6082993609187027,1,Medium Priority
AMK-00052168,0.5966400195838368,1,Medium Priority
AMK-00003873,0.6850326979012429,1,Medium Priority
AMK-00061260,0.5616308254760779,1,Medium Priority
AMK-00055743,0.8039418597071946,1,High Priority
AMK-00040701,0.4157217892594388,0,Medium Priority
AMK-00055529,0.5214436641870552,1,Medium Priority
AMK-00001060,0.4923073462059792,0,Medium Priority
AMK-00054141,0.2300776038230198,0,Low Priority
AMK-00014534,0.19721169680309042,0,Low Priority
AMK-00026312,0.5409944158988284,1,Medium Priority
AMK-00018173,0.41639202443808165,0,Medium Priority
AMK-00003395,0.6673842016430817,1,Medium Priority
AMK-00058948,0.3953007418985673,0,Medium Priority
AMK-00039163,0.5037866852309896,1,Medium Priority
AMK-00009170,0.29226503634529105,0,Low Priority
AMK-00033400,0.547285248268554,1,Medium Priority
AMK-00013343,0.4475248856610448,0,Medium Priority
AMK-00012959,0.37993693082752467,0,Medium Priority
AMK-00015816,0.3567862833840313,0,Medium Priority
AMK-00026125,0.2950946519088684,0,Low Priority
AMK-00030059,0.49716645241592133,0,Medium Priority
AMK-00001946,0.5476638415922032,1,Medium Priority
AMK-00040927,0.47962784880020365,0,Medium Priority
AMK-00051217,0.7031191218443635,1,High Priority
AMK-00019262,0.45716050240338435,0,Medium Priority
AMK-00019060,0.4836719799975917,0,Medium Priority
AMK-00060410,0.35465800014207655,0,Medium Priority
AMK-00051153,0.3553576277032319,0,Medium Priority
AMK-00043318,0.3300914588115936,0,Medium Priority
AMK-00038795,0.7017389206524489,1,High Priority
AMK-00050828,0.6805618238295815,1,Medium Priority
AMK-00011115,0.3774881583965607,0,Medium Priority
AMK-00036148,0.37635009059313684,0,Medium Priority
AMK-00017064,0.5740706777257195,1,Medium Priority
AMK-00047340,0.4473843042092849,0,Medium Priority
AMK-00018496,0.10521875830569138,0,Low Priority
AMK-00029616,0.4319029285018786,0,Medium Priority
AMK-00056788,0.3444947928103731,0,Medium Priority
AMK-00062420,0.5552679468124249,1,Medium Priority
AMK-00012605,0.3624337904502157,0,Medium Priority
AMK-00009282,0.3997439665746002,0,Medium Priority
AMK-00056450,0.5887809059297966,1,Medium Priority
AMK-00016047,0.4062702474676302,0,Medium Priority
AMK-00061005,0.5762108943169395,1,Medium Priority
AMK-00031788,0.7175324967824124,1,High Priority
AMK-00059531,0.42498791483732257,0,Medium Priority
AMK-00009196,0.36614705872434533,0,Medium Priority
AMK-00057652,0.2958257202816776,0,Low Priority
AMK-00005439,0.48273942442392337,0,Medium Priority
AMK-00053439,0.53910772112335,1,Medium Priority
AMK-00061439,0.650540786045485,1,Medium Priority
AMK-00030136,0.5529526761328469,1,Medium Priority
AMK-00014673,0.6049967662742021,1,Medium Priority
AMK-00063375,0.3070698731286312,0,Medium Priority
AMK-00039209,0.5551110547599539,1,Medium Priority
AMK-00054389,0.5943416009655184,1,Medium Priority
AMK-00014515,0.444041269130897,0,Medium Priority
AMK-00021938,0.5949047551360053,1,Medium Priority
AMK-00000772,0.605194410645745,1,Medium Priority
AMK-00038037,0.6392842706305516,1,Medium Priority
AMK-00024193,0.3746416810334348,0,Medium Priority
AMK-00023628,0.5043282777090455,1,Medium Priority
AMK-00048776,0.4763274058977708,0,Medium Priority
AMK-00003264,0.39005180905559184,0,Medium Priority
AMK-00008837,0.6110751181630278,1,Medium Priority
AMK-00062526,0.41907194014867066,0,Medium Priority
AMK-00044571,0.3702305212109874,0,Medium Priority
AMK-00021848,0.636180368389626,1,Medium Priority
AMK-00025338,0.5569691522376385,1,Medium Priority
AMK-00034346,0.388259547550297,0,Medium Priority
AMK-00039235,0.3824169919770169,0,Medium Priority
AMK-00044512,0.49056253259865346,0,Medium Priority
AMK-00003883,0.3868859080652705,0,Medium Priority
AMK-00020808,0.6213358312687368,1,Medium Priority
AMK-00016698,0.44159377954067347,0,Medium Priority
AMK-00054214,0.566073273379054,1,Medium Priority
AMK-00049325,0.4169704154009532,0,Medium Priority
AMK-00012089,0.6618507904454289,1,Medium Priority
AMK-00012529,0.3564255388143589,0,Medium Priority
AMK-00052254,0.43758096264330715,0,Medium Priority
AMK-00051106,0.36417155036787413,0,Medium Priority
AMK-00049965,0.3398564974206443,0,Medium Priority
AMK-00006050,0.4218597019716696,0,Medium Priority
AMK-00032648,0.5628558479282008,1,Medium Priority
AMK-00010785,0.5095412686620958,1,Medium Priority
AMK-00002236,0.3645858743049734,0,Medium Priority
AMK-00045397,0.5021586168748106,1,Medium Priority
AMK-00052313,0.3308310726922745,0,Medium Priority
AMK-00059067,0.3976763303222102,0,Medium Priority
AMK-00036050,0.4631238763946639,0,Medium Priority
AMK-00021040,0.6427467555439567,1,Medium Priority
AMK-00019821,0.39834871143028866,0,Medium Priority
AMK-00060165,0.6193814250827399,1,Medium Priority
AMK-00045790,0.6436617739887387,1,Medium Priority
AMK-00001567,0.4269232877394279,0,Medium Priority
AMK-00006921,0.4570466512315728,0,Medium Priority
AMK-00027050,0.5062102543821356,1,Medium Priority
AMK-00009025,0.48282191420924186,0,Medium Priority
AMK-00047516,0.3651680076139219,0,Medium Priority
AMK-00045031,0.2683051920432625,0,Low Priority
AMK-00010021,0.3190577715443315,0,Medium Priority
AMK-00055814,0.16450876871578576,0,Low Priority
AMK-00012308,0.5951559246011181,1,Medium Priority
AMK-00048102,0.4451011673066682,0,Medium Priority
AMK-00052464,0.5173429786978666,1,Medium Priority
AMK-00003027,0.51421962311458,1,Medium Priority
AMK-00015133,0.5392732518573115,1,Medium Priority
AMK-00008782,0.3006778109056588,0,Medium Priority
AMK-00058632,0.27546757007895994,0,Low Priority
AMK-00062947,0.22932760239139344,0,Low Priority
AMK-00024616,0.5115668142573249,1,Medium Priority
AMK-00008407,0.40877385802503574,0,Medium Priority
AMK-00040778,0.522290959309866,1,Medium Priority
AMK-00009684,0.1828574258603705,0,Low Priority
AMK-00011717,0.5981248223008607,1,Medium Priority
AMK-00057997,0.4021150889392604,0,Medium Priority
AMK-00043829,0.5789507050744591,1,Medium Priority
AMK-00037932,0.5163139681921717,1,Medium Priority
AMK-00008194,0.8652522239240359,1,High Priority
AMK-00017480,0.23583802654563898,0,Low Priority
AMK-00031728,0.7133769995586373,1,High Priority
AMK-00006197,0.5344466616350199,1,Medium Priority
AMK-00017596,0.5093681736854679,1,Medium Priority
AMK-00008333,0.571785794803705,1,Medium Priority
AMK-00045614,0.25914219363505164,0,Low Priority
AMK-00039302,0.4341733530235042,0,Medium Priority
AMK-00037150,0.2856387465312561,0,Low Priority
AMK-00000972,0.43095439065410973,0,Medium Priority
AMK-00024634,0.6101695948647126,1,Medium Priority
AMK-00042974,0.4518702471254331,0,Medium Priority
AMK-00063676,0.47811959823121397,0,Medium Priority
AMK-00016333,0.35823328082959294,0,Medium Priority
AMK-00022969,0.5853153306815785,1,Medium Priority
AMK-00014447,0.5202042627423217,1,Medium Priority
AMK-00036998,0.4683838990708845,0,Medium Priority
AMK-00055676,0.33955631842964346,0,Medium Priority
AMK-00008936,0.643264496334842,1,Medium Priority
AMK-00000125,0.5114900594735659,1,Medium Priority
AMK-00024992,0.5022406361962142,1,Medium Priority
AMK-00035262,0.6787218988919689,1,Medium Priority
AMK-00029767,0.43636644058399315,0,Medium Priority
AMK-00037383,0.5589078434907058,1,Medium Priority
AMK-00041045,0.3672082594984706,0,Medium Priority
AMK-00043062,0.4614120529789197,0,Medium Priority
AMK-00049198,0.5533017039614564,1,Medium Priority
AMK-00049228,0.26672002232301945,0,Low Priority
AMK-00053983,0.30772784739069875,0,Medium Priority
AMK-00012515,0.26360321625105354,0,Low Priority
AMK-00010065,0.40958857599397125,0,Medium Priority
AMK-00048619,0.5948792525867876,1,Medium Priority
AMK-00004816,0.6486978515194733,1,Medium Priority
AMK-00060983,0.4786072578394713,0,Medium Priority
AMK-00015682,0.46438588623877686,0,Medium Priority
AMK-00013798,0.3668826394461985,0,Medium Priority
AMK-00049521,0.4761206349662484,0,Medium Priority
AMK-00010086,0.5525932131960022,1,Medium Priority
AMK-00056424,0.4200092729438946,0,Medium Priority
AMK-00018308,0.4395031732145775,0,Medium Priority
AMK-00005946,0.3167941004880059,0,Medium Priority
AMK-00038634,0.34196710345542697,0,Medium Priority
AMK-00062873,0.2107914263833394,0,Low Priority
AMK-00013060,0.24253986340263764,0,Low Priority
AMK-00031250,0.4159064952120263,0,Medium Priority
AMK-00022137,0.5942362715453703,1,Medium Priority
AMK-00029592,0.5684037939580576,1,Medium Priority
AMK-00005069,0.6507063003310801,1,Medium Priority
AMK-00042298,0.4017179524374964,0,Medium Priority
AMK-00044233,0.5068159654573504,1,Medium Priority
AMK-00043346,0.5456240683783815,1,Medium Priority
AMK-00032915,0.5533771446173525,1,Medium Priority
AMK-00014529,0.42959584916408483,0,Medium Priority
AMK-00007476,0.4331356520286671,0,Medium Priority
AMK-00039918,0.32713222883261983,0,Medium Priority
AMK-00016246,0.7268093492912072,1,High Priority
AMK-00037398,0.22580322250203766,0,Low Priority
AMK-00043946,0.369789175286454,0,Medium Priority
AMK-00013912,0.8259532822013042,1,High Priority
AMK-00021007,0.18444272113285543,0,Low Priority
AMK-00053306,0.4113015763919618,0,Medium Priority
AMK-00044752,0.3601639988117141,0,Medium Priority
AMK-00032476,0.39121848603512915,0,Medium Priority
AMK-00032359,0.38233000554482066,0,Medium Priority
AMK-00028623,0.49234570316096515,0,Medium Priority
AMK-00002983,0.3268243887335774,0,Medium Priority
AMK-00014487,0.41167992213595583,0,Medium Priority
AMK-00004531,0.7345809852629438,1,High Priority
AMK-00026024,0.37826699641748956,0,Medium Priority
AMK-00052020,0.5571818416039878,1,Medium Priority
AMK-00031397,0.5422246314499141,1,Medium Priority
AMK-00037853,0.5955066006848493,1,Medium Priority
AMK-00060282,0.7639883676650446,1,High Priority
AMK-00022609,0.49247192961046354,0,Medium Priority
AMK-00035461,0.6607774988569721,1,Medium Priority
AMK-00008116,0.4753329499278216,0,Medium Priority
AMK-00011755,0.6034557097347126,1,Medium Priority
AMK-00022987,0.5620232978460084,1,Medium Priority
AMK-00034116,0.51740930201147,1,Medium Priority
AMK-00045888,0.5761221910256638,1,Medium Priority
AMK-00053259,0.6131630770790427,1,Medium Priority
AMK-00021595,0.3697992529590825,0,Medium Priority
AMK-00007787,0.4750426902727179,0,Medium Priority
AMK-00043369,0.26730240704483194,0,Low Priority
AMK-00042666,0.4914429701144379,0,Medium Priority
AMK-00012482,0.5159371020470495,1,Medium Priority
AMK-00026665,0.359985753407078,0,Medium Priority
AMK-00023967,0.38538627596217534,0,Medium Priority
AMK-00026389,0.6032037630087164,1,Medium Priority
AMK-00029802,0.28884165009024937,0,Low Priority
AMK-00014143,0.45347021785921215,0,Medium Priority
AMK-00041000,0.7116829236963637,1,High Priority
AMK-00056889,0.2796779236007724,0,Low Priority
AMK-00026245,0.45568316144002363,0,Medium Priority
AMK-00053893,0.5846533290027237,1,Medium Priority
AMK-00034859,0.2745581409731336,0,Low Priority
AMK-00023659,0.458594856020688,0,Medium Priority
AMK-00029275,0.45651634857322554,0,Medium Priority
AMK-00057973,0.49885896467684315,0,Medium Priority
AMK-00058594,0.5704624847177044,1,Medium Priority
AMK-00063334,0.22706523947162785,0,Low Priority
AMK-00027876,0.3186518334257861,0,Medium Priority
AMK-00015884,0.4027257979526245,0,Medium Priority
AMK-00006330,0.4064260880472196,0,Medium Priority
AMK-00012898,0.32077762899469453,0,Medium Priority
AMK-00043425,0.5527488056873268,1,Medium Priority
AMK-00025297,0.548730077274967,1,Medium Priority
AMK-00017747,0.5178946422612883,1,Medium Priority
AMK-00014582,0.6368990998551595,1,Medium Priority
AMK-00053077,0.20871087037285793,0,Low Priority
AMK-00048647,0.7191156928900297,1,High Priority
AMK-00049917,0.5268728648431549,1,Medium Priority
AMK-00033310,0.7640454390829369,1,High Priority
AMK-00043510,0.258194674818522,0,Low Priority
AMK-00006367,0.5705204329691504,1,Medium Priority
AMK-00002339,0.5573927159560691,1,Medium Priority
AMK-00012860,0.49564248615330464,0,Medium Priority
AMK-00031448,0.5742037408538987,1,Medium Priority
AMK-00023842,0.546107525067249,1,Medium Priority
AMK-00057275,0.508848786607497,1,Medium Priority
AMK-00061135,0.36622709141381227,0,Medium Priority
AMK-00002993,0.7210651918144442,1,High Priority
AMK-00003860,0.78643677409688,1,High Priority
AMK-00045554,0.20199002526542034,0,Low Priority
AMK-00044087,0.5703634646452361,1,Medium Priority
AMK-00019056,0.5231347042771698,1,Medium Priority
AMK-00051469,0.5584904872393976,1,Medium Priority
AMK-00011934,0.47244061490270156,0,Medium Priority
AMK-00048680,0.42268211864903954,0,Medium Priority
AMK-00000589,0.5845184781945724,1,Medium Priority
AMK-00046652,0.3936593715240154,0,Medium Priority
AMK-00059688,0.3029160861839585,0,Medium Priority
AMK-00005605,0.3585319776300562,0,Medium Priority
AMK-00002681,0.5487484383409511,1,Medium Priority
AMK-00063003,0.5201894347397221,1,Medium Priority
AMK-00021430,0.5970778912739164,1,Medium Priority
AMK-00011462,0.2835219364192536,0,Low Priority
AMK-00049466,0.20616096879410317,0,Low Priority
AMK-00011169,0.44642828489144093,0,Medium Priority
AMK-00007092,0.3663643023772995,0,Medium Priority
AMK-00026086,0.26014212120283786,0,Low Priority
AMK-00026102,0.4148337672708594,0,Medium Priority
AMK-00054990,0.4622518415564457,0,Medium Priority
AMK-00004895,0.6746637142226204,1,Medium Priority
AMK-00005200,0.8031657863920094,1,High Priority
AMK-00024447,0.38103349637643474,0,Medium Priority
AMK-00056972,0.6938240877090563,1,Medium Priority
AMK-00045585,0.5373961149486853,1,Medium Priority
AMK-00034030,0.2966643981229183,0,Low Priority
AMK-00061424,0.47583784729451467,0,Medium Priority
AMK-00006649,0.46890595912024285,0,Medium Priority
AMK-00056235,0.6367810729965466,1,Medium Priority
AMK-00017161,0.732995781610126,1,High Priority
AMK-00026685,0.7253854793964325,1,High Priority
AMK-00016676,0.4728443790972932,0,Medium Priority
AMK-00016535,0.4511700759675351,0,Medium Priority
AMK-00042238,0.15166021145673464,0,Low Priority
AMK-00020393,0.4585183265469928,0,Medium Priority
AMK-00014519,0.38911408610697107,0,Medium Priority
AMK-00023603,0.6225779274336963,1,Medium Priority
AMK-00023624,0.48146738301378084,0,Medium Priority
AMK-00018713,0.63076795711315,1,Medium Priority
AMK-00052501,0.3510764656514335,0,Medium Priority
AMK-00008655,0.21458112587160208,0,Low Priority
AMK-00033612,0.3711369538484299,0,Medium Priority
AMK-00017114,0.4890472946253515,0,Medium Priority
AMK-00040351,0.4209792327109533,0,Medium Priority
AMK-00057218,0.35789314197194516,0,Medium Priority
AMK-00035899,0.5042509888268836,1,Medium Priority
AMK-00039825,0.7901631481648899,1,High Priority
AMK-00042780,0.656882560338129,1,Medium Priority
AMK-00042991,0.37894250897139425,0,Medium Priority
AMK-00024258,0.5967360210305568,1,Medium Priority
AMK-00017502,0.49396235337497196,0,Medium Priority
AMK-00063116,0.4192717654459318,0,Medium Priority
AMK-00044480,0.6614896328728509,1,Medium Priority
AMK-00037646,0.47029538646509655,0,Medium Priority
AMK-00054673,0.6005159778650941,1,Medium Priority
AMK-00062070,0.5038699728851939,1,Medium Priority
AMK-00007614,0.565154195389582,1,Medium Priority
AMK-00032611,0.2299447506887156,0,Low Priority
AMK-00062755,0.2879667534149289,0,Low Priority
AMK-00005383,0.5075460386551868,1,Medium Priority
AMK-00005223,0.3629435794226445,0,Medium Priority
AMK-00045758,0.561549391862599,1,Medium Priority
AMK-00029533,0.621987282272843,1,Medium Priority
AMK-00029208,0.584754340671506,1,Medium Priority
AMK-00038895,0.382043955223639,0,Medium Priority
AMK-00026315,0.5200858546262529,1,Medium Priority
AMK-00012031,0.21871195724937675,0,Low Priority
AMK-00005467,0.4117640154827516,0,Medium Priority
AMK-00050151,0.3240739065290727,0,Medium Priority
AMK-00003990,0.38871210299810455,0,Medium Priority
AMK-00005071,0.37800653443788473,0,Medium Priority
AMK-00037514,0.4401307161340286,0,Medium Priority
AMK-00062453,0.44028578953563435,0,Medium Priority
AMK-00054410,0.4258863601483451,0,Medium Priority
AMK-00046253,0.5331089303000466,1,Medium Priority
AMK-00058036,0.2943921847893316,0,Low Priority
AMK-00021790,0.6129121474041951,1,Medium Priority
AMK-00036918,0.31869985864723266,0,Medium Priority
AMK-00051045,0.3832357852099044,0,Medium Priority
AMK-00002869,0.19261842766457618,0,Low Priority
AMK-00051274,0.5585620258920696,1,Medium Priority
AMK-00038281,0.44526270123883666,0,Medium Priority
AMK-00022295,0.3515473093375819,0,Medium Priority
AMK-00000629,0.6198134089737717,1,Medium Priority
AMK-00051056,0.5602616509022893,1,Medium Priority
AMK-00014082,0.4054651672857481,0,Medium Priority
AMK-00061291,0.5837547175077253,1,Medium Priority
AMK-00046113,0.41123926121997895,0,Medium Priority
AMK-00003799,0.438584707785277,0,Medium Priority
AMK-00054983,0.567666313841732,1,Medium Priority
AMK-00024990,0.32345371446131793,0,Medium Priority
AMK-00000950,0.38413129058365225,0,Medium Priority
AMK-00001604,0.31192895764796125,0,Medium Priority
AMK-00008384,0.3246277442614471,0,Medium Priority
AMK-00043008,0.4496661748572445,0,Medium Priority
AMK-00003132,0.5501958910968904,1,Medium Priority
AMK-00059425,0.5110446940366365,1,Medium Priority
AMK-00035730,0.6648403761591554,1,Medium Priority
AMK-00061881,0.306539057383743,0,Medium Priority
AMK-00057682,0.6471443272339429,1,Medium Priority
AMK-00033379,0.40520556873012264,0,Medium Priority
AMK-00012737,0.1684969445115145,0,Low Priority
AMK-00024416,0.6057806403789695,1,Medium Priority
AMK-00028128,0.5770283233575433,1,Medium Priority
AMK-00028159,0.6472669788823199,1,Medium Priority
AMK-00039419,0.5402618488404829,1,Medium Priority
AMK-00020960,0.36318627824888305,0,Medium Priority
AMK-00063268,0.6602842289668122,1,Medium Priority
AMK-00019546,0.70762073514804,1,High Priority
AMK-00043058,0.7201515398807348,1,High Priority
AMK-00024870,0.5705255537119519,1,Medium Priority
AMK-00049710,0.5208910083310307,1,Medium Priority
AMK-00053943,0.7670475559365489,1,High Priority
AMK-00022126,0.3971126493411538,0,Medium Priority
AMK-00038449,0.7646973562094684,1,High Priority
AMK-00062330,0.21089824213007605,0,Low Priority
AMK-00044701,0.34038458940241195,0,Medium Priority
AMK-00006374,0.3705191661235595,0,Medium Priority
AMK-00002219,0.36545849519448825,0,Medium Priority
AMK-00006550,0.7833855035645448,1,High Priority
AMK-00041867,0.357905749956542,0,Medium Priority
AMK-00013298,0.6884108080402405,1,Medium Priority
AMK-00040764,0.42506238075582176,0,Medium Priority
AMK-00033037,0.5654857693840117,1,Medium Priority
AMK-00044396,0.4007068212381159,0,Medium Priority
AMK-00055463,0.28160044228776737,0,Low Priority
AMK-00006940,0.23439688847108775,0,Low Priority
AMK-00032217,0.4776921466540185,0,Medium Priority
AMK-00012946,0.415774800199439,0,Medium Priority
AMK-00020851,0.5791725355948697,1,Medium Priority
AMK-00010090,0.36352304182099715,0,Medium Priority
AMK-00030675,0.3980665541980358,0,Medium Priority
AMK-00063000,0.32979919781313427,0,Medium Priority
AMK-00026689,0.5622635501301123,1,Medium Priority
AMK-00012827,0.36171731925967066,0,Medium Priority
AMK-00023693,0.24984990065758333,0,Low Priority
AMK-00049425,0.6152615972731735,1,Medium Priority
AMK-00029644,0.4688031805809897,0,Medium Priority
AMK-00023216,0.7133687630970202,1,High Priority
AMK-00047122,0.47576089631520857,0,Medium Priority
AMK-00005611,0.5195458075549968,1,Medium Priority
AMK-00051285,0.5056345817170806,1,Medium Priority
AMK-00023494,0.5797174289960262,1,Medium Priority
AMK-00031330,0.5704476502045579,1,Medium Priority
AMK-00014683,0.43527471000916096,0,Medium Priority
AMK-00012141,0.3656060507512431,0,Medium Priority
AMK-00027321,0.7149743320879082,1,High Priority
AMK-00046455,0.3736721453170617,0,Medium Priority
AMK-00047694,0.6918300780996636,1,Medium Priority
AMK-00059941,0.35832458776995596,0,Medium Priority
AMK-00045873,0.3393298007539947,0,Medium Priority
AMK-00031245,0.549885670973771,1,Medium Priority
AMK-00023301,0.750153155975961,1,High Priority
AMK-00046092,0.3295366569332307,0,Medium Priority
AMK-00029753,0.33957689998450424,0,Medium Priority
AMK-00052478,0.39449844781643106,0,Medium Priority
AMK-00016508,0.20790784113190064,0,Low Priority
AMK-00000225,0.518879684362904,1,Medium Priority
AMK-00028255,0.4588479369072683,0,Medium Priority
AMK-00007830,0.28147340911300855,0,Low Priority
AMK-00056545,0.2869925179756928,0,Low Priority
AMK-00059406,0.6094871354595689,1,Medium Priority
AMK-00034057,0.5300352870154245,1,Medium Priority
AMK-00009486,0.4714540463732755,0,Medium Priority
AMK-00024603,0.20248489700294095,0,Low Priority
AMK-00011078,0.36263176201068636,0,Medium Priority
AMK-00005764,0.6881908566725264,1,Medium Priority
AMK-00047383,0.30155687025317013,0,Medium Priority
AMK-00037021,0.15868038156472503,0,Low Priority
AMK-00061671,0.22629239651644015,0,Low Priority
AMK-00053723,0.5398027319216606,1,Medium Priority
AMK-00029069,0.41371069447118203,0,Medium Priority
AMK-00050227,0.37918567016814037,0,Medium Priority
AMK-00037814,0.5626620943699848,1,Medium Priority
AMK-00024673,0.24695282653956133,0,Low Priority
AMK-00029819,0.4372833154355507,0,Medium Priority
AMK-00009823,0.3440743446058261,0,Medium Priority
AMK-00022910,0.5248561432098525,1,Medium Priority
AMK-00058623,0.6098742856694879,1,Medium Priority
AMK-00006362,0.4360219322976364,0,Medium Priority
AMK-00059975,0.4971901694693066,0,Medium Priority
AMK-00047759,0.5344705213486814,1,Medium Priority
AMK-00050059,0.5591829541888285,1,Medium Priority
AMK-00006949,0.3599730228392633,0,Medium Priority
AMK-00045524,0.27038169768885834,0,Low Priority
AMK-00029463,0.5200934199547466,1,Medium Priority
AMK-00022854,0.5636958232927224,1,Medium Priority
AMK-00063821,0.2917334965314111,0,Low Priority
AMK-00034369,0.6077517568118233,1,Medium Priority
AMK-00003919,0.4781899236388998,0,Medium Priority
AMK-00043434,0.4740079270632206,0,Medium Priority
AMK-00049429,0.211235630952801,0,Low Priority
AMK-00053871,0.42407315336544554,0,Medium Priority
AMK-00037366,0.6327546508247318,1,Medium Priority
AMK-00040610,0.6084547184514016,1,Medium Priority
AMK-00048808,0.5034334126233351,1,Medium Priority
AMK-00001371,0.5772667091469267,1,Medium Priority
AMK-00063560,0.46339730917302235,0,Medium Priority
AMK-00063481,0.4660506667941837,0,Medium Priority
AMK-00006920,0.4291832932451142,0,Medium Priority
AMK-00019618,0.37242221474831666,0,Medium Priority
AMK-00040505,0.703939669615147,1,High Priority
AMK-00002976,0.7222557558938179,1,High Priority
AMK-00016715,0.5990364834155457,1,Medium Priority
AMK-00008054,0.4712625388110575,0,Medium Priority
AMK-00019389,0.3910006460279053,0,Medium Priority
AMK-00010811,0.46121008745162817,0,Medium Priority
AMK-00057796,0.29157775675686765,0,Low Priority
AMK-00060054,0.3306716407167209,0,Medium Priority
AMK-00030335,0.41597556088243237,0,Medium Priority
AMK-00016682,0.47176273810985275,0,Medium Priority
AMK-00032774,0.4928705001310382,0,Medium Priority
AMK-00008036,0.7091988309584748,1,High Priority
AMK-00054436,0.815124353944875,1,High Priority
AMK-00053131,0.796088269090499,1,High Priority
AMK-00042301,0.3035711068916832,0,Medium Priority
AMK-00021966,0.7371740348631068,1,High Priority
AMK-00045071,0.24950793060432278,0,Low Priority
AMK-00004337,0.4159713433695231,0,Medium Priority
AMK-00038833,0.08432988426245204,0,Low Priority
AMK-00002908,0.4472979512281784,0,Medium Priority
AMK-00005334,0.6392443649849641,1,Medium Priority
AMK-00024638,0.5775049807206459,1,Medium Priority
AMK-00016393,0.5814067144113847,1,Medium Priority
AMK-00006331,0.46533708127511664,0,Medium Priority
AMK-00030549,0.5749167957463985,1,Medium Priority
AMK-00010605,0.4194148480062463,0,Medium Priority
AMK-00057991,0.5353464749859925,1,Medium Priority
AMK-00052287,0.4898759653653166,0,Medium Priority
AMK-00035611,0.28592537598860895,0,Low Priority
AMK-00034437,0.543131816653091,1,Medium Priority
AMK-00015737,0.48209739712856076,0,Medium Priority
AMK-00049932,0.3270571867462376,0,Medium Priority
AMK-00021131,0.35274709516988734,0,Medium Priority
AMK-00028713,0.6230656219621032,1,Medium Priority
AMK-00036057,0.4952586850564336,0,Medium Priority
AMK-00033471,0.4688664164149048,0,Medium Priority
AMK-00013153,0.4604045555351571,0,Medium Priority
AMK-00003078,0.44528146834474475,0,Medium Priority
AMK-00050213,0.529024080553499,1,Medium Priority
AMK-00025859,0.4517764253339271,0,Medium Priority
AMK-00050365,0.41732379664579256,0,Medium Priority
AMK-00052415,0.3350959633704898,0,Medium Priority
AMK-00015704,0.48525698719605137,0,Medium Priority
AMK-00058414,0.5393436338072007,1,Medium Priority
AMK-00013801,0.2238325023138965,0,Low Priority
AMK-00027994,0.4355215941000988,0,Medium Priority
AMK-00047182,0.4598616400195905,0,Medium Priority
AMK-00061161,0.28461333515913784,0,Low Priority
AMK-00001119,0.5224135918164368,1,Medium Priority
AMK-00044023,0.41028904788543125,0,Medium Priority
AMK-00052120,0.2801860316657705,0,Low Priority
AMK-00038246,0.26873721042407905,0,Low Priority
AMK-00008558,0.5557924110831793,1,Medium Priority
AMK-00051525,0.5930806268977833,1,Medium Priority
AMK-00009392,0.43991922785297105,0,Medium Priority
AMK-00015960,0.33830239349147306,0,Medium Priority
AMK-00040626,0.3889922679196799,0,Medium Priority
AMK-00043442,0.5146912374277284,1,Medium Priority
AMK-00027338,0.38465352922943263,0,Medium Priority
AMK-00032205,0.5585186787020034,1,Medium Priority
AMK-00059273,0.5420626967125729,1,Medium Priority
AMK-00017211,0.40827297696531883,0,Medium Priority
AMK-00025056,0.25159816445542355,0,Low Priority
AMK-00030443,0.7135098749166218,1,High Priority
AMK-00026813,0.7301613480330621,1,High Priority
AMK-00059127,0.5618869859451373,1,Medium Priority
AMK-00027693,0.46415753824288775,0,Medium Priority
AMK-00037960,0.486683436179494,0,Medium Priority
AMK-00012001,0.6126066999736925,1,Medium Priority
AMK-00049023,0.36396455633701313,0,Medium Priority
AMK-00012511,0.46682969784766487,0,Medium Priority
AMK-00014344,0.4377554245939425,0,Medium Priority
AMK-00017557,0.2843657520827795,0,Low Priority
AMK-00032149,0.6389552139355504,1,Medium Priority
AMK-00044080,0.4748322835293282,0,Medium Priority
AMK-00058493,0.7645620629048067,1,High Priority
AMK-00014598,0.6092535137246349,1,Medium Priority
AMK-00054531,0.5668340645685654,1,Medium Priority
AMK-00030459,0.4248498733762355,0,Medium Priority
AMK-00032006,0.39971703106067624,0,Medium Priority
AMK-00040667,0.38713161111199623,0,Medium Priority
AMK-00033541,0.7510212071253302,1,High Priority
AMK-00001034,0.7385248898045045,1,High Priority
AMK-00060804,0.7067064694963111,1,High Priority
AMK-00052471,0.6004774823331763,1,Medium Priority
AMK-00006988,0.5524138696170019,1,Medium Priority
AMK-00027577,0.6950499000844135,1,Medium Priority
AMK-00053576,0.3777548340877476,0,Medium Priority
AMK-00000463,0.4976248620153655,0,Medium Priority
AMK-00055353,0.20190069992885656,0,Low Priority
AMK-00036184,0.6883727950804177,1,Medium Priority
AMK-00036868,0.28523774592810575,0,Low Priority
AMK-00037281,0.38738801172183557,0,Medium Priority
AMK-00011297,0.6774701192069179,1,Medium Priority
AMK-00049452,0.40018668296970844,0,Medium Priority
AMK-00034869,0.42611082199256667,0,Medium Priority
AMK-00012849,0.3354817075594462,0,Medium Priority
AMK-00034677,0.71754501051213,1,High Priority
AMK-00006269,0.4851285470046132,0,Medium Priority
AMK-00014939,0.5723413564781639,1,Medium Priority
AMK-00025389,0.35859887398893303,0,Medium Priority
AMK-00040834,0.45238058268787706,0,Medium Priority
AMK-00040115,0.5562209365872303,1,Medium Priority
AMK-00062609,0.42508410478211994,0,Medium Priority
AMK-00054376,0.39879071158970064,0,Medium Priority
AMK-00030244,0.5599625145687482,1,Medium Priority
AMK-00046954,0.4272613119640479,0,Medium Priority
AMK-00050664,0.47959764223255674,0,Medium Priority
AMK-00037825,0.7577738186704827,1,High Priority
AMK-00012893,0.3699921596256113,0,Medium Priority
AMK-00045505,0.5146409428598576,1,Medium Priority
AMK-00035067,0.4446293151981734,0,Medium Priority
AMK-00019497,0.4285138759318294,0,Medium Priority
AMK-00063232,0.634358776426466,1,Medium Priority
AMK-00052946,0.48068432075255985,0,Medium Priority
AMK-00023343,0.4380049369283789,0,Medium Priority
AMK-00023316,0.695387433634623,1,Medium Priority
AMK-00017325,0.5528507658176203,1,Medium Priority
AMK-00011779,0.6280817418812551,1,Medium Priority
AMK-00038476,0.434922505234423,0,Medium Priority
AMK-00009562,0.652455920647184,1,Medium Priority
AMK-00029235,0.31534760528129824,0,Medium Priority
AMK-00028599,0.2813486319747391,0,Low Priority
AMK-00036110,0.77895594766536,1,High Priority
AMK-00011800,0.4659618668510061,0,Medium Priority
AMK-00033259,0.36477027632805276,0,Medium Priority
AMK-00016142,0.33938392735778816,0,Medium Priority
AMK-00057998,0.3865582703158741,0,Medium Priority
AMK-00042823,0.33319327047008773,0,Medium Priority
AMK-00032594,0.4498686312717797,0,Medium Priority
AMK-00007498,0.49040869459859343,0,Medium Priority
AMK-00026840,0.60416371468346,1,Medium Priority
AMK-00027081,0.34746443770140434,0,Medium Priority
AMK-00017048,0.39897611538945377,0,Medium Priority
AMK-00022318,0.5117618473643273,1,Medium Priority
AMK-00032258,0.24688486162819023,0,Low Priority
AMK-00038148,0.6384889848637793,1,Medium Priority
AMK-00020514,0.5954103277078939,1,Medium Priority
AMK-00040793,0.6215359895956692,1,Medium Priority
AMK-00005758,0.38431178965086654,0,Medium Priority
AMK-00021610,0.3106111050957019,0,Medium Priority
AMK-00062089,0.338562389023639,0,Medium Priority
AMK-00034220,0.5238748303186134,1,Medium Priority
AMK-00010037,0.37311104748506374,0,Medium Priority
AMK-00055886,0.3232795327127057,0,Medium Priority
AMK-00049547,0.413286341167633,0,Medium Priority
AMK-00060173,0.5151866194668483,1,Medium Priority
AMK-00025752,0.47013111027177745,0,Medium Priority
AMK-00031463,0.2554123478773938,0,Low Priority
AMK-00023434,0.40076731585282144,0,Medium Priority
AMK-00008195,0.4142782034259099,0,Medium Priority
AMK-00028580,0.6844014200633883,1,Medium Priority
AMK-00059516,0.3948128557777687,0,Medium Priority
AMK-00041563,0.532554261372552,1,Medium Priority
AMK-00047309,0.3597584460839992,0,Medium Priority
AMK-00030940,0.4023313693627143,0,Medium Priority
AMK-00043954,0.44338295135792816,0,Medium Priority
AMK-00013321,0.23677249214462953,0,Low Priority
AMK-00052918,0.5437840577585535,1,Medium Priority
AMK-00039373,0.36569879119230225,0,Medium Priority
AMK-00030704,0.3858525002534495,0,Medium Priority
AMK-00029909,0.21238455257077804,0,Low Priority
AMK-00012552,0.41711652545563593,0,Medium Priority
AMK-00054231,0.7232662156526688,1,High Priority
AMK-00057916,0.2267787987647369,0,Low Priority
AMK-00053419,0.5198403747103993,1,Medium Priority
AMK-00057374,0.6957957821325366,1,Medium Priority
AMK-00054865,0.655330579029767,1,Medium Priority
AMK-00021191,0.41879199711640014,0,Medium Priority
AMK-00026228,0.2951747605365662,0,Low Priority
AMK-00043078,0.6579297250264114,1,Medium Priority
AMK-00032184,0.4782344962582959,0,Medium Priority
AMK-00031166,0.741042388421832,1,High Priority
AMK-00007344,0.5662472760423691,1,Medium Priority
AMK-00050485,0.35373181689158084,0,Medium Priority
AMK-00032778,0.32892752884461396,0,Medium Priority
AMK-00051327,0.3026965538902423,0,Medium Priority
AMK-00043538,0.3714087723990186,0,Medium Priority
AMK-00041387,0.7228533294685952,1,High Priority
AMK-00000222,0.389144204804307,0,Medium Priority
AMK-00017234,0.3272045983733073,0,Medium Priority
AMK-00049766,0.589838967716919,1,Medium Priority
AMK-00012587,0.5198660458675665,1,Medium Priority
AMK-00014201,0.5902877362536837,1,Medium Priority
AMK-00048828,0.42305799696982194,0,Medium Priority
AMK-00016523,0.633583036506171,1,Medium Priority
AMK-00014475,0.2654288218071238,0,Low Priority
AMK-00029737,0.4913529991610223,0,Medium Priority
AMK-00019242,0.392547690477203,0,Medium Priority
AMK-00038456,0.6007433428783916,1,Medium Priority
AMK-00045427,0.34223286508151807,0,Medium Priority
AMK-00031957,0.5642794190690403,1,Medium Priority
AMK-00003754,0.33048025828106903,0,Medium Priority
AMK-00006101,0.4529308565018373,0,Medium Priority
AMK-00012935,0.41096137191221677,0,Medium Priority
AMK-00046691,0.7202409046638362,1,High Priority
AMK-00036173,0.15027864243753203,0,Low Priority
AMK-00044405,0.5605764557965315,1,Medium Priority
AMK-00004670,0.18900690608735732,0,Low Priority
AMK-00062157,0.617965372091089,1,Medium Priority
AMK-00014360,0.26977383037851677,0,Low Priority
AMK-00031328,0.6215911852466065,1,Medium Priority
AMK-00027171,0.3566133416112823,0,Medium Priority
AMK-00050591,0.7478957509832928,1,High Priority
AMK-00047040,0.6145288816343918,1,Medium Priority
AMK-00050239,0.4423498698232612,0,Medium Priority
AMK-00025871,0.30863546346234755,0,Medium Priority
AMK-00033058,0.40862856549357013,0,Medium Priority
AMK-00018886,0.2838196237579404,0,Low Priority
AMK-00012382,0.4519517405004504,0,Medium Priority
AMK-00009925,0.540208618297611,1,Medium Priority
AMK-00033773,0.5837780942093095,1,Medium Priority
AMK-00042056,0.2866095328973528,0,Low Priority
AMK-00026034,0.414932619716861,0,Medium Priority
AMK-00042487,0.3258991409828275,0,Medium Priority
AMK-00030889,0.5295265344239364,1,Medium Priority
AMK-00050489,0.6202492673248602,1,Medium Priority
AMK-00043997,0.6834111034565802,1,Medium Priority
AMK-00007837,0.7079392292214497,1,High Priority
AMK-00029129,0.5971239453892355,1,Medium Priority
AMK-00048360,0.37884556886836496,0,Medium Priority
AMK-00014645,0.6447586025310637,1,Medium Priority
AMK-00002523,0.6493527760076958,1,Medium Priority
AMK-00049999,0.17143718464323038,0,Low Priority
AMK-00034741,0.5144058470135673,1,Medium Priority
AMK-00049406,0.28194586486131573,0,Low Priority
AMK-00030831,0.3105273401941671,0,Medium Priority
AMK-00002464,0.5405766740658259,1,Medium Priority
AMK-00019691,0.39684640605983346,0,Medium Priority
AMK-00000777,0.8153309834156423,1,High Priority
AMK-00043444,0.30931393023595605,0,Medium Priority
AMK-00001857,0.4850853939066302,0,Medium Priority
AMK-00008364,0.38495416685880407,0,Medium Priority
AMK-00017316,0.6730814042792523,1,Medium Priority
AMK-00016452,0.6958638184900201,1,Medium Priority
AMK-00019335,0.4360657900091697,0,Medium Priority
AMK-00016023,0.4529640065470183,0,Medium Priority
AMK-00056624,0.41194435692668047,0,Medium Priority
AMK-00044471,0.2720903736551337,0,Low Priority
AMK-00030358,0.5425808623553439,1,Medium Priority
AMK-00040783,0.6402647545879898,1,Medium Priority
AMK-00057856,0.2668694005280762,0,Low Priority
AMK-00057709,0.5601036686235178,1,Medium Priority
AMK-00019127,0.39757605417093506,0,Medium Priority
AMK-00006436,0.3627056905576895,0,Medium Priority
AMK-00023315,0.48464180022056363,0,Medium Priority
AMK-00036149,0.2326868343423983,0,Low Priority
AMK-00005360,0.30856826139613924,0,Medium Priority
AMK-00014218,0.3835897327034525,0,Medium Priority
AMK-00002230,0.5236429305378554,1,Medium Priority
AMK-00043582,0.44338613023876167,0,Medium Priority
AMK-00042311,0.6626029767294571,1,Medium Priority
AMK-00034555,0.7849215247584325,1,High Priority
AMK-00023288,0.5265689200540101,1,Medium Priority
AMK-00037681,0.3425057415454861,0,Medium Priority
AMK-00007977,0.6824464180906096,1,Medium Priority
AMK-00063311,0.6009019923072383,1,Medium Priority
AMK-00024220,0.43176497323711127,0,Medium Priority
AMK-00036507,0.47671216631414326,0,Medium Priority
AMK-00006794,0.7239132096853084,1,High Priority
AMK-00053496,0.3355998570651083,0,Medium Priority
AMK-00004919,0.25912361954579044,0,Low Priority
AMK-00026162,0.4431382545747202,0,Medium Priority
AMK-00058002,0.2464309199449519,0,Low Priority
AMK-00021823,0.577648477292869,1,Medium Priority
AMK-00029538,0.33009840024049303,0,Medium Priority
AMK-00023691,0.7514548933279936,1,High Priority
AMK-00034454,0.38691286721237916,0,Medium Priority
AMK-00039414,0.7897930248514763,1,High Priority
AMK-00037772,0.5674696425589035,1,Medium Priority
AMK-00015400,0.5783713553185127,1,Medium Priority
AMK-00057299,0.49818900313580294,0,Medium Priority
AMK-00023339,0.3618131031537407,0,Medium Priority
AMK-00030671,0.3578447251060239,0,Medium Priority
AMK-00036457,0.6572907720387089,1,Medium Priority
AMK-00019467,0.6938188059303035,1,Medium Priority
AMK-00010987,0.31466731407852205,0,Medium Priority
AMK-00060046,0.41942936297370903,0,Medium Priority
AMK-00003004,0.6885157882374116,1,Medium Priority
AMK-00028096,0.5413162086794673,1,Medium Priority
AMK-00039278,0.42830427410185345,0,Medium Priority
AMK-00057018,0.4844867570040743,0,Medium Priority
AMK-00053998,0.5982568428486068,1,Medium Priority
AMK-00051965,0.624739523340273,1,Medium Priority
AMK-00045303,0.4494609256994971,0,Medium Priority
AMK-00004529,0.5504332560811117,1,Medium Priority
AMK-00044337,0.47950911870050156,0,Medium Priority
AMK-00027772,0.5133762344020557,1,Medium Priority
AMK-00056426,0.40158582823191097,0,Medium Priority
AMK-00015005,0.2805426824479027,0,Low Priority
AMK-00052069,0.24588218084451288,0,Low Priority
AMK-00031063,0.34012188906048546,0,Medium Priority
AMK-00033570,0.480863626515046,0,Medium Priority
AMK-00040459,0.7150326193382456,1,High Priority
AMK-00052945,0.5511838690449015,1,Medium Priority
AMK-00019598,0.5844570818608046,1,Medium Priority
AMK-00038081,0.29914230680007,0,Low Priority
AMK-00032267,0.3122809994355672,0,Medium Priority
AMK-00034092,0.3616260545239613,0,Medium Priority
AMK-00049348,0.7395933452855343,1,High Priority
AMK-00013668,0.8340631463937175,1,High Priority
AMK-00027490,0.6340099401104227,1,Medium Priority
AMK-00030469,0.13133577582377606,0,Low Priority
AMK-00028552,0.37555002481948613,0,Medium Priority
AMK-00033311,0.2659643650865219,0,Low Priority
AMK-00042101,0.30855389836450353,0,Medium Priority
AMK-00057343,0.5115252454775067,1,Medium Priority
AMK-00034935,0.40539744887419693,0,Medium Priority
AMK-00006391,0.50475228115703,1,Medium Priority
AMK-00059904,0.6197116813668186,1,Medium Priority
AMK-00022385,0.5025506173119825,1,Medium Priority
AMK-00034782,0.6301671687056981,1,Medium Priority
AMK-00012377,0.7177888622781129,1,High Priority
AMK-00048057,0.32394123085609494,0,Medium Priority
AMK-00016599,0.31316154034582533,0,Medium Priority
AMK-00013502,0.4735494764367873,0,Medium Priority
AMK-00060331,0.5163821965507048,1,Medium Priority
AMK-00049244,0.6596865639137338,1,Medium Priority
AMK-00051335,0.47421833127801427,0,Medium Priority
AMK-00056210,0.2860124202775439,0,Low Priority
AMK-00034068,0.5887139477286064,1,Medium Priority
AMK-00019469,0.8859237519283972,1,High Priority
AMK-00001745,0.227644272064613,0,Low Priority
AMK-00006593,0.6235486801072392,1,Medium Priority
AMK-00026783,0.25484751017776597,0,Low Priority
AMK-00043634,0.26499095242329085,0,Low Priority
AMK-00022469,0.27684644451466506,0,Low Priority
AMK-00050530,0.575038005899536,1,Medium Priority
AMK-00017346,0.47134868707033817,0,Medium Priority
AMK-00007782,0.39357451605322225,0,Medium Priority
AMK-00000829,0.43684896532067324,0,Medium Priority
AMK-00016496,0.38292314947837114,0,Medium Priority
AMK-00042118,0.730865763752739,1,High Priority
AMK-00050441,0.5511902150690415,1,Medium Priority
AMK-00006757,0.6206752747964117,1,Medium Priority
AMK-00062792,0.531146773688726,1,Medium Priority
AMK-00046347,0.2955989620134733,0,Low Priority
AMK-00022272,0.5226763576734597,1,Medium Priority
AMK-00033393,0.1489469017910358,0,Low Priority
AMK-00049669,0.4950916790974667,0,Medium Priority
AMK-00008973,0.588639550011729,1,Medium Priority
AMK-00045356,0.48345174850412054,0,Medium Priority
AMK-00057378,0.5891920222986881,1,Medium Priority
AMK-00034936,0.4065606305230169,0,Medium Priority
AMK-00003733,0.20599182562576554,0,Low Priority
AMK-00053794,0.3227805056877266,0,Medium Priority
AMK-00038333,0.3236062312448875,0,Medium Priority
AMK-00049533,0.6493705944153969,1,Medium Priority
AMK-00045787,0.6688945480419781,1,Medium Priority
AMK-00048795,0.3529726966925993,0,Medium Priority
AMK-00031489,0.23972903058637482,0,Low Priority
AMK-00015216,0.6205276319484957,1,Medium Priority
AMK-00027343,0.48599767466825927,0,Medium Priority
AMK-00008531,0.275943938067218,0,Low Priority
AMK-00048130,0.47766707690514504,0,Medium Priority
AMK-00039118,0.5506492732533366,1,Medium Priority
AMK-00045508,0.5939968225635066,1,Medium Priority
AMK-00006673,0.34532272444459267,0,Medium Priority
AMK-00008172,0.30106248776576666,0,Medium Priority
AMK-00012896,0.6176054087308874,1,Medium Priority
AMK-00025777,0.5558196661823315,1,Medium Priority
AMK-00021689,0.45394089567060325,0,Medium Priority
AMK-00023592,0.3550196189365526,0,Medium Priority
AMK-00056699,0.45992819805390706,0,Medium Priority
AMK-00019610,0.7071365765708939,1,High Priority
AMK-00045977,0.42182209128941023,0,Medium Priority
AMK-00002609,0.703438349359387,1,High Priority
AMK-00035626,0.5285592576895788,1,Medium Priority
AMK-00038408,0.40618767038217096,0,Medium Priority
AMK-00039139,0.5858939492075472,1,Medium Priority
AMK-00046107,0.5076098332344421,1,Medium Priority
AMK-00026950,0.523639279631654,1,Medium Priority
AMK-00030815,0.5611273337224318,1,Medium Priority
AMK-00029526,0.17265604161932321,0,Low Priority
AMK-00054549,0.18217048868476066,0,Low Priority
AMK-00010951,0.48643178167276435,0,Medium Priority
AMK-00024248,0.5549203015764067,1,Medium Priority
AMK-00031789,0.5223709057878027,1,Medium Priority
AMK-00043583,0.6597209546900451,1,Medium Priority
AMK-00036145,0.6272054526392504,1,Medium Priority
AMK-00017854,0.38868686850145345,0,Medium Priority
AMK-00056107,0.508669237403391,1,Medium Priority
AMK-00046384,0.6221388141513823,1,Medium Priority
AMK-00061504,0.1361634819182711,0,Low Priority
AMK-00057640,0.4449021943514242,0,Medium Priority
AMK-00000897,0.35281788980450984,0,Medium Priority
AMK-00028154,0.2822112225386869,0,Low Priority
AMK-00031521,0.3870832321018507,0,Medium Priority
AMK-00056123,0.6300497087315876,1,Medium Priority
AMK-00052053,0.28551943515527967,0,Low Priority
AMK-00037594,0.24267950416067333,0,Low Priority
AMK-00027659,0.5152280991401699,1,Medium Priority
AMK-00022250,0.38479442975552286,0,Medium Priority
AMK-00055783,0.24734029313469233,0,Low Priority
AMK-00061876,0.5344425531943128,1,Medium Priority
AMK-00054360,0.5766424365367234,1,Medium Priority
AMK-00057168,0.49102988332383835,0,Medium Priority
AMK-00001165,0.7457342811340174,1,High Priority
AMK-00002136,0.455986378203433,0,Medium Priority
AMK-00027122,0.41688926594509035,0,Medium Priority
AMK-00029890,0.19388624794157228,0,Low Priority
AMK-00012082,0.2458924338029161,0,Low Priority
AMK-00022207,0.6998328908332714,1,Medium Priority
AMK-00051673,0.4119319087033199,0,Medium Priority
AMK-00026953,0.4928874685593379,0,Medium Priority
AMK-00016301,0.7196528940973366,1,High Priority
AMK-00020973,0.4648178320938247,0,Medium Priority
AMK-00043535,0.591114971864541,1,Medium Priority
AMK-00059866,0.35092347984197575,0,Medium Priority
AMK-00038612,0.533050531707188,1,Medium Priority
AMK-00053758,0.6778429019138864,1,Medium Priority
AMK-00030249,0.6226847709442471,1,Medium Priority
AMK-00049305,0.4877648095247649,0,Medium Priority
AMK-00051433,0.7279402749021148,1,High Priority
AMK-00025087,0.26582708885503514,0,Low Priority
AMK-00000397,0.45157681176429265,0,Medium Priority
AMK-00048973,0.39551900315465505,0,Medium Priority
AMK-00058408,0.7579055974662526,1,High Priority
AMK-00029271,0.5824904300387177,1,Medium Priority
AMK-00028722,0.37980243262422103,0,Medium Priority
AMK-00008741,0.611589795598074,1,Medium Priority
AMK-00046341,0.3405496126071374,0,Medium Priority
AMK-00027054,0.17049817950857618,0,Low Priority
AMK-00001537,0.4221122257765648,0,Medium Priority
AMK-00006329,0.3431616243382113,0,Medium Priority
AMK-00061055,0.28057543521737804,0,Low Priority
AMK-00058257,0.5593851131746101,1,Medium Priority
AMK-00026078,0.5723696567939689,1,Medium Priority
AMK-00058987,0.8038236975945993,1,High Priority
AMK-00006341,0.22622080141415962,0,Low Priority
AMK-00061777,0.1541975929120982,0,Low Priority
AMK-00039846,0.49059360264615903,0,Medium Priority
AMK-00012075,0.4090914070763213,0,Medium Priority
AMK-00002808,0.5673943429760188,1,Medium Priority
AMK-00022039,0.4356389324227565,0,Medium Priority
AMK-00007539,0.714386125896784,1,High Priority
AMK-00025809,0.44195491220780203,0,Medium Priority
AMK-00007516,0.2820350133792783,0,Low Priority
AMK-00024677,0.774787354832575,1,High Priority
AMK-00000417,0.3783398457411633,0,Medium Priority
AMK-00008282,0.18447050950975533,0,Low Priority
AMK-00053237,0.2205090117410941,0,Low Priority
AMK-00025820,0.6292802050064675,1,Medium Priority
AMK-00027235,0.5690607103805048,1,Medium Priority
AMK-00022459,0.5482621094060284,1,Medium Priority
AMK-00003038,0.3593688632517234,0,Medium Priority
AMK-00060442,0.7306033778837818,1,High Priority
AMK-00027326,0.5423629100515983,1,Medium Priority
AMK-00049222,0.39592006125214246,0,Medium Priority
AMK-00021679,0.28555438789447873,0,Low Priority
AMK-00015209,0.6687096597459398,1,Medium Priority
AMK-00058939,0.39850949082514786,0,Medium Priority
AMK-00018506,0.5153507367777577,1,Medium Priority
AMK-00039708,0.5038325385668808,1,Medium Priority
AMK-00026822,0.5536573835967092,1,Medium Priority
AMK-00048533,0.556653209657405,1,Medium Priority
AMK-00057770,0.37446548965164034,0,Medium Priority
AMK-00051693,0.4014041220514154,0,Medium Priority
AMK-00045023,0.6519205037291927,1,Medium Priority
AMK-00034944,0.6369367327705896,1,Medium Priority
AMK-00012693,0.6008412091744827,1,Medium Priority
AMK-00006499,0.4031156869311016,0,Medium Priority
AMK-00017472,0.4392515971713486,0,Medium Priority
AMK-00052379,0.4130818866820008,0,Medium Priority
AMK-00013703,0.23367483535042763,0,Low Priority
AMK-00051598,0.5805455335858479,1,Medium Priority
AMK-00010601,0.5047105433604923,1,Medium Priority
AMK-00009190,0.4526290268363457,0,Medium Priority
AMK-00026829,0.5241296484162793,1,Medium Priority
AMK-00050135,0.30694737171439046,0,Medium Priority
AMK-00029559,0.47725796579696417,0,Medium Priority
AMK-00039685,0.49906016365095157,0,Medium Priority
AMK-00035779,0.36554484444098706,0,Medium Priority
AMK-00053746,0.42725786070377625,0,Medium Priority
AMK-00022226,0.7829755850999427,1,High Priority
AMK-00005027,0.3434290288713709,0,Medium Priority
AMK-00062818,0.4360776453029887,0,Medium Priority
AMK-00058989,0.7367267961212083,1,High Priority
AMK-00048622,0.29966591062375736,0,Low Priority
AMK-00029921,0.516689547308281,1,Medium Priority
AMK-00001535,0.5828824451769291,1,Medium Priority
AMK-00045103,0.48891211608254265,0,Medium Priority
AMK-00061902,0.6791640892809752,1,Medium Priority
AMK-00036051,0.1595985793178212,0,Low Priority
AMK-00041567,0.47818204553206056,0,Medium Priority
AMK-00019958,0.330496052105235,0,Medium Priority
AMK-00046552,0.5466962641651899,1,Medium Priority
AMK-00001812,0.4571044249468322,0,Medium Priority
AMK-00056443,0.3910155823448643,0,Medium Priority
AMK-00046588,0.5099649446723185,1,Medium Priority
AMK-00062944,0.39630199497527835,0,Medium Priority
AMK-00059719,0.5651945018916821,1,Medium Priority
AMK-00045044,0.2105351250579357,0,Low Priority
AMK-00060708,0.41797566039262507,0,Medium Priority
AMK-00015248,0.43787417038985066,0,Medium Priority
AMK-00017373,0.4833958408203318,0,Medium Priority
AMK-00024984,0.4159039410197238,0,Medium Priority
AMK-00055614,0.45287755809695185,0,Medium Priority
AMK-00049360,0.46018672789258236,0,Medium Priority
AMK-00048131,0.5415231379287658,1,Medium Priority
AMK-00007479,0.708767314771761,1,High Priority
AMK-00013434,0.2606879165222338,0,Low Priority
AMK-00049376,0.3843585029834702,0,Medium Priority
AMK-00000899,0.4075015227227007,0,Medium Priority
AMK-00011394,0.36049942632311754,0,Medium Priority
AMK-00051383,0.2426633355136143,0,Low Priority
AMK-00003376,0.6319270108735441,1,Medium Priority
AMK-00032546,0.24918480855502959,0,Low Priority
AMK-00050937,0.40308808900199344,0,Medium Priority
AMK-00017713,0.7299452136237744,1,High Priority
AMK-00024166,0.5934713165423452,1,Medium Priority
AMK-00007168,0.2501257357330943,0,Low Priority
AMK-00023781,0.25611072210816677,0,Low Priority
AMK-00040996,0.5228983521222832,1,Medium Priority
AMK-00016779,0.49571990099537294,0,Medium Priority
AMK-00027063,0.6056591076513669,1,Medium Priority
AMK-00049935,0.23523557039964424,0,Low Priority
AMK-00029495,0.3225192950703247,0,Medium Priority
AMK-00003862,0.19995775940807933,0,Low Priority
AMK-00040314,0.2800056388625947,0,Low Priority
AMK-00051544,0.6924119277355407,1,Medium Priority
AMK-00004092,0.4950655096385366,0,Medium Priority
AMK-00056849,0.5425152062216314,1,Medium Priority
AMK-00008493,0.43845639769600947,0,Medium Priority
AMK-00017116,0.2246510454445864,0,Low Priority
AMK-00002296,0.4614644907735351,0,Medium Priority
AMK-00031297,0.5389107662560384,1,Medium Priority
AMK-00011633,0.6477214027044694,1,Medium Priority
AMK-00012209,0.5315190061364373,1,Medium Priority
AMK-00000483,0.33184522429159313,0,Medium Priority
AMK-00019445,0.4482352224555297,0,Medium Priority
AMK-00048738,0.44152861349959277,0,Medium Priority
AMK-00056588,0.5190307001827958,1,Medium Priority
AMK-00018251,0.523595949746957,1,Medium Priority
AMK-00029478,0.5198698899721012,1,Medium Priority
AMK-00058138,0.5950463285008486,1,Medium Priority
AMK-00057667,0.26748513595868634,0,Low Priority
AMK-00025140,0.3389625883797578,0,Medium Priority
AMK-00040220,0.5927580095980813,1,Medium Priority
AMK-00040054,0.27523275706859285,0,Low Priority
AMK-00034600,0.6012716528934628,1,Medium Priority
AMK-00005013,0.3508289713357435,0,Medium Priority
AMK-00043059,0.6104017589420057,1,Medium Priority
AMK-00035650,0.6023957976103964,1,Medium Priority
AMK-00026064,0.5427376956434269,1,Medium Priority
AMK-00055105,0.586626010351619,1,Medium Priority
AMK-00023190,0.4531898730494845,0,Medium Priority
AMK-00053674,0.6042950024665891,1,Medium Priority
AMK-00039587,0.4339031250699337,0,Medium Priority
AMK-00038522,0.6501411054742758,1,Medium Priority
AMK-00012709,0.6870281669036462,1,Medium Priority
AMK-00005107,0.47759163573588426,0,Medium Priority
AMK-00041451,0.286712391988499,0,Low Priority
AMK-00013040,0.6787261176103497,1,Medium Priority
AMK-00019940,0.19609791307975424,0,Low Priority
AMK-00051450,0.6642405204349013,1,Medium Priority
AMK-00045392,0.2867339181662581,0,Low Priority
AMK-00047956,0.5608654183679315,1,Medium Priority
AMK-00039547,0.5009569668382711,1,Medium Priority
AMK-00007226,0.3571797634344477,0,Medium Priority
AMK-00044677,0.483492472148182,0,Medium Priority
AMK-00013993,0.3438926224001022,0,Medium Priority
AMK-00013654,0.3382012554290558,0,Medium Priority
AMK-00054033,0.19572931480439773,0,Low Priority
AMK-00018829,0.5246158847063088,1,Medium Priority
AMK-00047652,0.48815137654136953,0,Medium Priority
AMK-00034214,0.2781424431832835,0,Low Priority
AMK-00052451,0.4906024565364756,0,Medium Priority
AMK-00034385,0.41021718119011624,0,Medium Priority
AMK-00040590,0.22518762062184627,0,Low Priority
AMK-00014638,0.6877196913982797,1,Medium Priority
AMK-00042399,0.2561636205605136,0,Low Priority
AMK-00014355,0.5484738781879266,1,Medium Priority
AMK-00002196,0.24777718109117292,0,Low Priority
AMK-00033181,0.4251583510861485,0,Medium Priority
AMK-00024976,0.4517721238814774,0,Medium Priority
AMK-00010594,0.288550244468587,0,Low Priority
AMK-00012154,0.796471170692921,1,High Priority
AMK-00038528,0.7835046114457639,1,High Priority
AMK-00005343,0.4184462574215005,0,Medium Priority
AMK-00010135,0.6378731198545122,1,Medium Priority
AMK-00008162,0.8079218619061135,1,High Priority
AMK-00035065,0.48912373424773126,0,Medium Priority
AMK-00041668,0.3052780874847536,0,Medium Priority
AMK-00039164,0.44873308180177957,0,Medium Priority
AMK-00048105,0.35831274271029623,0,Medium Priority
AMK-00055220,0.50627775121602,1,Medium Priority
AMK-00031174,0.32098711839352373,0,Medium Priority
AMK-00059783,0.5258119364176854,1,Medium Priority
AMK-00018850,0.6603855542708641,1,Medium Priority
AMK-00061894,0.39563924778042925,0,Medium Priority
AMK-00009060,0.6978066174023565,1,Medium Priority
AMK-00007028,0.539260654705141,1,Medium Priority
AMK-00004163,0.36116267604552105,0,Medium Priority
AMK-00019998,0.5574532739702237,1,Medium Priority
AMK-00007983,0.36840770292318986,0,Medium Priority
AMK-00006822,0.46004119555300077,0,Medium Priority
AMK-00022597,0.4715987430823003,0,Medium Priority
AMK-00000296,0.6808934064656954,1,Medium Priority
AMK-00038706,0.4311705099735615,0,Medium Priority
AMK-00049504,0.41091328944976574,0,Medium Priority
AMK-00015138,0.23017635512364762,0,Low Priority
AMK-00058203,0.7463311829818781,1,High Priority
AMK-00017993,0.5562736536338002,1,Medium Priority
AMK-00015154,0.5567024689588318,1,Medium Priority
AMK-00050354,0.4105984642596366,0,Medium Priority
AMK-00039656,0.3087367326969954,0,Medium Priority
AMK-00005397,0.4552849755265138,0,Medium Priority
AMK-00011374,0.218264733076537,0,Low Priority
AMK-00048417,0.38873657057359734,0,Medium Priority
AMK-00025025,0.7133863619137957,1,High Priority
AMK-00037840,0.5366751441793577,1,Medium Priority
AMK-00009591,0.31662281898442296,0,Medium Priority
AMK-00025608,0.22481060534699676,0,Low Priority
AMK-00045622,0.5833902219667466,1,Medium Priority
AMK-00007688,0.34101804232197025,0,Medium Priority
AMK-00047488,0.7029723207911873,1,High Priority
AMK-00015319,0.3489815137953679,0,Medium Priority
AMK-00029152,0.8132454084456818,1,High Priority
AMK-00010425,0.6957848925923109,1,Medium Priority
AMK-00010370,0.4036513656822288,0,Medium Priority
AMK-00037933,0.4547973630103956,0,Medium Priority
AMK-00030394,0.4933468148526943,0,Medium Priority
AMK-00025976,0.6828984113111252,1,Medium Priority
AMK-00036883,0.20575180572270949,0,Low Priority
AMK-00049236,0.5538142112394815,1,Medium Priority
AMK-00042452,0.38461932507825963,0,Medium Priority
AMK-00025832,0.5575150756559947,1,Medium Priority
AMK-00003280,0.546916805325348,1,Medium Priority
AMK-00021309,0.4598448795989352,0,Medium Priority
AMK-00033027,0.3500212453180044,0,Medium Priority
AMK-00050586,0.4768232553543948,0,Medium Priority
AMK-00004767,0.2885399940255852,0,Low Priority
AMK-00018435,0.7387134674921543,1,High Priority
AMK-00013612,0.25659511467903606,0,Low Priority
AMK-00039643,0.3648330678731126,0,Medium Priority
AMK-00004982,0.43051687664392824,0,Medium Priority
AMK-00032843,0.6402994840497082,1,Medium Priority
AMK-00001222,0.4223920734012107,0,Medium Priority
AMK-00040629,0.33194911605372507,0,Medium Priority
AMK-00051478,0.3653625012086996,0,Medium Priority
AMK-00001986,0.34540612506608853,0,Medium Priority
AMK-00003180,0.7074837794990576,1,High Priority
AMK-00063167,0.3659992865229743,0,Medium Priority
AMK-00032551,0.3553060431018762,0,Medium Priority
AMK-00026047,0.5499628809098474,1,Medium Priority
AMK-00002060,0.4961980296813674,0,Medium Priority
AMK-00008064,0.382179491964489,0,Medium Priority
AMK-00028202,0.6395200785347627,1,Medium Priority
AMK-00053583,0.584373496781222,1,Medium Priority
AMK-00052494,0.4213067399059822,0,Medium Priority
AMK-00008236,0.1758762612365821,0,Low Priority
AMK-00015680,0.5962306271762193,1,Medium Priority
AMK-00012144,0.565752291701247,1,Medium Priority
AMK-00026411,0.4157206672134676,0,Medium Priority
AMK-00014895,0.47647917100509446,0,Medium Priority
AMK-00019045,0.30727798434927917,0,Medium Priority
AMK-00017842,0.12851342818019593,0,Low Priority
AMK-00000271,0.17592054944733695,0,Low Priority
AMK-00051330,0.45672749722584716,0,Medium Priority
AMK-00016321,0.4454245068544666,0,Medium Priority
AMK-00035958,0.7078820139980077,1,High Priority
AMK-00014189,0.39716975021152284,0,Medium Priority
AMK-00057100,0.45786017368121074,0,Medium Priority
AMK-00058350,0.3186553321700642,0,Medium Priority
AMK-00030297,0.41104349641712706,0,Medium Priority
AMK-00022946,0.3808276810500173,0,Medium Priority
AMK-00056461,0.6874353977973632,1,Medium Priority
AMK-00026612,0.6349646935523262,1,Medium Priority
AMK-00015674,0.3836534020455607,0,Medium Priority
AMK-00057713,0.275247068586352,0,Low Priority
AMK-00043052,0.5588808438408283,1,Medium Priority
AMK-00002970,0.6361061959802826,1,Medium Priority
AMK-00052153,0.7089982369857513,1,High Priority
AMK-00012934,0.5523282159490126,1,Medium Priority
AMK-00001073,0.4839880806111246,0,Medium Priority
AMK-00024914,0.4802935845522346,0,Medium Priority
AMK-00007845,0.41954141417962343,0,Medium Priority
AMK-00017583,0.6460317105654364,1,Medium Priority
AMK-00019661,0.38338618348810766,0,Medium Priority
AMK-00036581,0.3323202017315784,0,Medium Priority
AMK-00028607,0.7464495733255843,1,High Priority
AMK-00061295,0.6621694867863348,1,Medium Priority
AMK-00031032,0.3167423779578331,0,Medium Priority
AMK-00052681,0.363682764420354,0,Medium Priority
AMK-00017944,0.7644886749319285,1,High Priority
AMK-00048511,0.2791833869052756,0,Low Priority
AMK-00062098,0.23885518952957238,0,Low Priority
AMK-00011948,0.1456495058238954,0,Low Priority
AMK-00011987,0.5187679429474837,1,Medium Priority
AMK-00034914,0.4588775938319136,0,Medium Priority
AMK-00060717,0.5921169046122422,1,Medium Priority
AMK-00000506,0.25487538812303157,0,Low Priority
AMK-00046580,0.32330667699104326,0,Medium Priority
AMK-00049626,0.6589846705528302,1,Medium Priority
AMK-00007162,0.26110983598716153,0,Low Priority
AMK-00012355,0.7037240992077345,1,High Priority
AMK-00053939,0.30589454429965274,0,Medium Priority
AMK-00009893,0.6488928806036356,1,Medium Priority
AMK-00034102,0.572391464492768,1,Medium Priority
AMK-00000053,0.3215656947653998,0,Medium Priority
AMK-00051134,0.551475153424655,1,Medium Priority
AMK-00015507,0.2685351891407422,0,Low Priority
AMK-00003661,0.5541931240714993,1,Medium Priority
AMK-00058938,0.5210843967911658,1,Medium Priority
AMK-00037085,0.4297794855191776,0,Medium Priority
AMK-00021431,0.7458339453927705,1,High Priority
AMK-00033531,0.301197901568582,0,Medium Priority
AMK-00007252,0.1939591763739549,0,Low Priority
AMK-00050380,0.417307208683251,0,Medium Priority
AMK-00033995,0.23953511669169175,0,Low Priority
AMK-00026622,0.34051363258529727,0,Medium Priority
AMK-00056961,0.748459254182944,1,High Priority
AMK-00047501,0.6119502175864914,1,Medium Priority
AMK-00034096,0.5143800958230599,1,Medium Priority
AMK-00033165,0.4321865952954918,0,Medium Priority
AMK-00012703,0.45643921924450714,0,Medium Priority
AMK-00034642,0.4381297530011412,0,Medium Priority
AMK-00035442,0.6526525297486828,1,Medium Priority
AMK-00017961,0.6795020558254251,1,Medium Priority
AMK-00036243,0.5485197653320537,1,Medium Priority
AMK-00043777,0.7764168564042703,1,High Priority
AMK-00015552,0.5252966426040934,1,Medium Priority
AMK-00020110,0.44026689540078995,0,Medium Priority
AMK-00027369,0.2044632043607923,0,Low Priority
AMK-00046587,0.3159761698871185,0,Medium Priority
AMK-00053425,0.24134925589726186,0,Low Priority
AMK-00041821,0.4543266105175118,0,Medium Priority
AMK-00021334,0.7352114778374419,1,High Priority
AMK-00013216,0.16861368442840877,0,Low Priority
AMK-00004872,0.48493170422638804,0,Medium Priority
AMK-00025829,0.5062538855266691,1,Medium Priority
AMK-00003699,0.33938967439089773,0,Medium Priority
AMK-00051927,0.26018590264529395,0,Low Priority
AMK-00048442,0.675385737105862,1,Medium Priority
AMK-00019809,0.7257268865920243,1,High Priority
AMK-00058163,0.30447056896537417,0,Medium Priority
AMK-00050500,0.23428513853078134,0,Low Priority
AMK-00037898,0.48593276532603835,0,Medium Priority
AMK-00054374,0.5297393457435973,1,Medium Priority
AMK-00032913,0.278111983082653,0,Low Priority
AMK-00045197,0.4395970084796546,0,Medium Priority
AMK-00017125,0.7779490147867019,1,High Priority
AMK-00044320,0.482723705849627,0,Medium Priority
AMK-00008724,0.27476189449266014,0,Low Priority
AMK-00024965,0.6279311111848894,1,Medium Priority
AMK-00053192,0.35378154003967693,0,Medium Priority
AMK-00053095,0.4090713131135529,0,Medium Priority
AMK-00035125,0.20743648251941008,0,Low Priority
AMK-00047414,0.5988276036741864,1,Medium Priority
AMK-00060454,0.377281055741338,0,Medium Priority
AMK-00038888,0.4744826382029125,0,Medium Priority
AMK-00018955,0.33523177449995994,0,Medium Priority
AMK-00031466,0.5360053598945498,1,Medium Priority
AMK-00053347,0.3261448430258306,0,Medium Priority
AMK-00024458,0.6803271138969418,1,Medium Priority
AMK-00022995,0.39409101414765135,0,Medium Priority
AMK-00000781,0.33306802687396136,0,Medium Priority
AMK-00035718,0.45115091954833086,0,Medium Priority
AMK-00059878,0.2644139970333867,0,Low Priority
AMK-00063594,0.32551769820978754,0,Medium Priority
AMK-00018366,0.36473410110397236,0,Medium Priority
AMK-00029585,0.4971645253771043,0,Medium Priority
AMK-00023497,0.7152965339766947,1,High Priority
AMK-00027060,0.4823318252756559,0,Medium Priority
AMK-00044061,0.6405621894917394,1,Medium Priority
AMK-00054400,0.5818300261897437,1,Medium Priority
AMK-00021073,0.4711034251990599,0,Medium Priority
AMK-00025225,0.649088270688796,1,Medium Priority
AMK-00033149,0.27861522277184153,0,Low Priority
AMK-00037962,0.4586372112209595,0,Medium Priority
AMK-00025198,0.3719431908354375,0,Medium Priority
AMK-00058829,0.5167334482356382,1,Medium Priority
AMK-00022527,0.6302951804889503,1,Medium Priority
AMK-00003907,0.6631113895760152,1,Medium Priority
AMK-00005990,0.29317388379689124,0,Low Priority
AMK-00053247,0.4931112450017919,0,Medium Priority
AMK-00060153,0.3997934555636106,0,Medium Priority
AMK-00003271,0.6391703484743231,1,Medium Priority
AMK-00023996,0.44914004312098776,0,Medium Priority
AMK-00059028,0.5228606892632719,1,Medium Priority
AMK-00058573,0.4998238599198922,0,Medium Priority
AMK-00009442,0.7392011460292731,1,High Priority
AMK-00003100,0.4767247068419966,0,Medium Priority
AMK-00059159,0.4961154614295199,0,Medium Priority
AMK-00010637,0.5044934126930386,1,Medium Priority
AMK-00050936,0.24262346312330263,0,Low Priority
AMK-00054513,0.4344422603390915,0,Medium Priority
AMK-00032169,0.47362576885060276,0,Medium Priority
AMK-00057110,0.5707109581104232,1,Medium Priority
AMK-00026690,0.519083989720982,1,Medium Priority
AMK-00058442,0.7013178251897705,1,High Priority
AMK-00032556,0.5877704962296624,1,Medium Priority
AMK-00051317,0.46639878622074143,0,Medium Priority
AMK-00023535,0.36031021092139714,0,Medium Priority
AMK-00039607,0.2405074055547207,0,Low Priority
AMK-00051378,0.6245676227186967,1,Medium Priority
AMK-00019273,0.6506405716122868,1,Medium Priority
AMK-00001719,0.6997107079881466,1,Medium Priority
AMK-00022828,0.3393226525552945,0,Medium Priority
AMK-00037364,0.6657743723997096,1,Medium Priority
AMK-00043785,0.6807846552259588,1,Medium Priority
AMK-00007360,0.6842327936813475,1,Medium Priority
AMK-00042016,0.49651638480219035,0,Medium Priority
AMK-00060754,0.26642110889844606,0,Low Priority
AMK-00003900,0.37722289782789825,0,Medium Priority
AMK-00025269,0.6249692224668036,1,Medium Priority
AMK-00059691,0.4422947067172104,0,Medium Priority
AMK-00024889,0.5573977740772876,1,Medium Priority
AMK-00016704,0.4138303878449427,0,Medium Priority
AMK-00024333,0.2512623896404724,0,Low Priority
AMK-00002894,0.5374263984451988,1,Medium Priority
AMK-00055833,0.36051493756343916,0,Medium Priority
AMK-00035818,0.2739084138966757,0,Low Priority
AMK-00034367,0.46628371005726654,0,Medium Priority
AMK-00036670,0.6322107312304341,1,Medium Priority
AMK-00020037,0.5535541581518685,1,Medium Priority
AMK-00000968,0.4430923505805606,0,Medium Priority
AMK-00054289,0.38362709735218437,0,Medium Priority
AMK-00024647,0.23676701341700068,0,Low Priority
AMK-00010222,0.6404394102121088,1,Medium Priority
AMK-00037023,0.5784118659901579,1,Medium Priority
AMK-00010888,0.43433394449462276,0,Medium Priority
AMK-00013048,0.5712819019516313,1,Medium Priority
AMK-00059162,0.4529516196651591,0,Medium Priority
AMK-00022634,0.35538501938835587,0,Medium Priority
AMK-00018111,0.26746877437983363,0,Low Priority
AMK-00024383,0.7329577923090423,1,High Priority
AMK-00031716,0.6649225019833676,1,Medium Priority
AMK-00031554,0.5979075842588323,1,Medium Priority
AMK-00045183,0.29431829390653713,0,Low Priority
AMK-00014614,0.1866604218880786,0,Low Priority
AMK-00007391,0.3902240497842174,0,Medium Priority
AMK-00038668,0.351208468475323,0,Medium Priority
AMK-00052264,0.31151014316340453,0,Medium Priority
AMK-00029170,0.3787427173903846,0,Medium Priority
AMK-00005749,0.5622734965111675,1,Medium Priority
AMK-00045989,0.3614745667233549,0,Medium Priority
AMK-00001398,0.34696108728816716,0,Medium Priority
AMK-00002852,0.6410396619175553,1,Medium Priority
AMK-00004846,0.38193686095478585,0,Medium Priority
AMK-00040705,0.4213927533435787,0,Medium Priority
AMK-00019444,0.4618591533869604,0,Medium Priority
AMK-00037096,0.6342206710738286,1,Medium Priority
AMK-00028234,0.4069976011147536,0,Medium Priority
AMK-00061532,0.7538808942681899,1,High Priority
AMK-00018664,0.4459193226740278,0,Medium Priority
AMK-00052706,0.5292389850940113,1,Medium Priority
AMK-00030701,0.7474566480535862,1,High Priority
AMK-00039973,0.33535386949137275,0,Medium Priority
AMK-00016145,0.48758012383869104,0,Medium Priority
AMK-00023921,0.3203379254344401,0,Medium Priority
AMK-00051035,0.6549949295470969,1,Medium Priority
AMK-00055502,0.6761306256995403,1,Medium Priority
AMK-00024596,0.5671031856942733,1,Medium Priority
AMK-00036378,0.4122977062317715,0,Medium Priority
AMK-00061609,0.3610572181743509,0,Medium Priority
AMK-00037471,0.7567222180259422,1,High Priority
AMK-00061540,0.361468387047637,0,Medium Priority
AMK-00045880,0.2943506727883273,0,Low Priority
AMK-00042707,0.3480082800937633,0,Medium Priority
AMK-00001228,0.43381275130918046,0,Medium Priority
AMK-00046990,0.5789135904437448,1,Medium Priority
AMK-00040561,0.5726885274124518,1,Medium Priority
AMK-00018847,0.44617499627806634,0,Medium Priority
AMK-00000238,0.755237359179392,1,High Priority
AMK-00040122,0.7210770176678528,1,High Priority
AMK-00026103,0.6188792587615395,1,Medium Priority
AMK-00044995,0.356412459233408,0,Medium Priority
AMK-00039702,0.3341806781013984,0,Medium Priority
AMK-00028999,0.34784914899887054,0,Medium Priority
AMK-00034331,0.728713481708637,1,High Priority
AMK-00047450,0.7242570074485069,1,High Priority
AMK-00044181,0.24270468611210572,0,Low Priority
AMK-00026209,0.3369535906774313,0,Medium Priority
AMK-00017527,0.40624571400431964,0,Medium Priority
AMK-00045470,0.3635827575855775,0,Medium Priority
AMK-00021505,0.5168650623458589,1,Medium Priority
AMK-00007809,0.5159168811579353,1,Medium Priority
AMK-00013036,0.34279209715759384,0,Medium Priority
AMK-00032365,0.5139429608583571,1,Medium Priority
AMK-00047636,0.7399183444036096,1,High Priority
AMK-00047867,0.749336078746568,1,High Priority
AMK-00026199,0.7657329619580617,1,High Priority
AMK-00059167,0.37310950014785355,0,Medium Priority
AMK-00034907,0.5077801215259438,1,Medium Priority
AMK-00004514,0.32324429507720814,0,Medium Priority
AMK-00034687,0.37271020979907743,0,Medium Priority
AMK-00061270,0.7643589616230603,1,High Priority
AMK-00056479,0.4770440416158746,0,Medium Priority
AMK-00063722,0.3394097075740473,0,Medium Priority
AMK-00009805,0.6355292633212654,1,Medium Priority
AMK-00034607,0.3924325591276273,0,Medium Priority
AMK-00051836,0.5141617639336916,1,Medium Priority
AMK-00040681,0.44317831391091,0,Medium Priority
AMK-00060118,0.7778988452056813,1,High Priority
AMK-00045075,0.39117280576419033,0,Medium Priority
AMK-00054589,0.5874347927667097,1,Medium Priority
AMK-00020668,0.4845249381826939,0,Medium Priority
AMK-00035385,0.4624920777669326,0,Medium Priority
AMK-00012441,0.4128196455795865,0,Medium Priority
AMK-00039025,0.6465001107476658,1,Medium Priority
AMK-00044886,0.41507632644612885,0,Medium Priority
AMK-00032072,0.38548037795185025,0,Medium Priority
AMK-00036700,0.3314071057025254,0,Medium Priority
AMK-00033274,0.5257462125205666,1,Medium Priority
AMK-00012006,0.5762509329828315,1,Medium Priority
AMK-00033703,0.5859196632113115,1,Medium Priority
AMK-00053049,0.3721896096724965,0,Medium Priority
AMK-00008994,0.3923111156348553,0,Medium Priority
AMK-00034287,0.34664169474761747,0,Medium Priority
AMK-00030160,0.38114205539001084,0,Medium Priority
AMK-00014165,0.4374454815924901,0,Medium Priority
AMK-00018980,0.17476450591917783,0,Low Priority
AMK-00025376,0.5112412666434866,1,Medium Priority
AMK-00029925,0.6243291502613678,1,Medium Priority
AMK-00006996,0.4401163320275612,0,Medium Priority
AMK-00027160,0.4018390883219523,0,Medium Priority
AMK-00047173,0.33778632541137377,0,Medium Priority
AMK-00035267,0.25213529000311785,0,Low Priority
AMK-00045567,0.5055488946237576,1,Medium Priority
AMK-00059248,0.44188270120704387,0,Medium Priority
AMK-00024734,0.2875971528475178,0,Low Priority
AMK-00027138,0.46751522597241557,0,Medium Priority
AMK-00019705,0.45924890402455876,0,Medium Priority
AMK-00012231,0.43101413026853,0,Medium Priority
AMK-00041340,0.3417110903933383,0,Medium Priority
AMK-00015148,0.6978394769701879,1,Medium Priority
AMK-00058853,0.261727436011089,0,Low Priority
AMK-00060660,0.2103275632356188,0,Low Priority
AMK-00058015,0.7568920262800238,1,High Priority
AMK-00048572,0.3333761621563376,0,Medium Priority
AMK-00007768,0.476009171195069,0,Medium Priority
AMK-00027668,0.4399659226304783,0,Medium Priority
AMK-00016862,0.3895531809435744,0,Medium Priority
AMK-00000999,0.8219289320784875,1,High Priority
AMK-00020339,0.2269790057304364,0,Low Priority
AMK-00009460,0.39344976183509317,0,Medium Priority
AMK-00031079,0.37014918646338296,0,Medium Priority
AMK-00031904,0.39442877921171554,0,Medium Priority
AMK-00017164,0.5548923401222484,1,Medium Priority
AMK-00015364,0.5044606206530702,1,Medium Priority
AMK-00006917,0.3375278367774389,0,Medium Priority
AMK-00026098,0.4824257492453802,0,Medium Priority
AMK-00059213,0.6936373915536035,1,Medium Priority
AMK-00009794,0.39527391410754403,0,Medium Priority
AMK-00036845,0.36911908537391913,0,Medium Priority
AMK-00059644,0.43399172362316674,0,Medium Priority
AMK-00007267,0.4840088174508204,0,Medium Priority
AMK-00058667,0.24131848962909053,0,Low Priority
AMK-00047010,0.27973622617938415,0,Low Priority
AMK-00004083,0.4200791610172927,0,Medium Priority
AMK-00012895,0.520577880692549,1,Medium Priority
AMK-00038108,0.27432144606716036,0,Low Priority
AMK-00027194,0.2925216285347145,0,Low Priority
AMK-00041043,0.4256394467419198,0,Medium Priority
AMK-00020789,0.6820094508337814,1,Medium Priority
AMK-00044009,0.43240403907382846,0,Medium Priority
AMK-00062139,0.4928398811814901,0,Medium Priority
AMK-00058613,0.6972940970745347,1,Medium Priority
AMK-00052442,0.5363667690335167,1,Medium Priority
AMK-00011101,0.40633083063524306,0,Medium Priority
AMK-00056078,0.454941324958343,0,Medium Priority
AMK-00030219,0.479417670168117,0,Medium Priority
AMK-00048984,0.6243598620848364,1,Medium Priority
AMK-00049955,0.466358121166856,0,Medium Priority
AMK-00058048,0.6427920857328734,1,Medium Priority
AMK-00061535,0.33466709420537283,0,Medium Priority
AMK-00054449,0.32927724309717665,0,Medium Priority
AMK-00063462,0.36663400916466843,0,Medium Priority
AMK-00060354,0.5657442300024241,1,Medium Priority
AMK-00014170,0.5992844988740051,1,Medium Priority
AMK-00060143,0.33135850330728933,0,Medium Priority
AMK-00063465,0.45912851835988644,0,Medium Priority
AMK-00050316,0.22075647383193206,0,Low Priority
AMK-00049363,0.3445622249033276,0,Medium Priority
AMK-00038883,0.6954895857549244,1,Medium Priority
AMK-00017533,0.38168102581448793,0,Medium Priority
AMK-00052198,0.23277864385652827,0,Low Priority
AMK-00006852,0.21224784586492407,0,Low Priority
AMK-00019402,0.5518878332096208,1,Medium Priority
AMK-00016871,0.48638844941067166,0,Medium Priority
AMK-00044236,0.3263987399500465,0,Medium Priority
AMK-00059238,0.42983656240230855,0,Medium Priority
AMK-00028050,0.3981996297801925,0,Medium Priority
AMK-00011984,0.3788658791225333,0,Medium Priority
AMK-00017279,0.5452364889033364,1,Medium Priority
AMK-00016841,0.3686951591943771,0,Medium Priority
AMK-00051753,0.6294648329625454,1,Medium Priority
